RS_1_0002.jpg,94.13401794433594,39.91116714477539,0.9241329431533813,96.5116958618164,32.77814483642578,0.9930395483970642,94.13401794433594,35.155818939208984,0.9515106081962585,115.53308868408203,28.022798538208008,0.9945706725120544,115.53308868408203,28.022798538208008,0.7024618983268738,144.06517028808594,61.31023406982422,0.875316858291626,125.04378509521484,63.68790817260742,0.8021708726882935,101.26704406738281,104.10836791992188,0.9600234627723694,91.75634765625,92.2199935913086,0.8800143599510193,48.958213806152344,96.975341796875,0.7531735897064209,41.82518768310547,94.59767150878906,0.7495709657669067,158.3312225341797,142.15115356445312,0.7460392117500305,144.06517028808594,135.01812744140625,0.6847716569900513,67.97960662841797,165.92788696289062,0.9082818031311035,67.97960662841797,156.4171905517578,0.5760539174079895,58.468910217285156,244.39112854003906,0.8411127924919128,58.468910217285156,232.5027618408203,0.3850882053375244
RS_1_0003.jpg,84.28788757324219,44.859527587890625,0.8072419762611389,82.06723022460938,34.94525909423828,0.850773811340332,79.8450927734375,37.16301727294922,0.8528894186019897,99.72518157958984,28.184207916259766,0.7657357454299927,114.17864990234375,27.143230438232422,0.5479925870895386,135.22193908691406,51.52222442626953,0.7834113836288452,144.1253662109375,49.300743103027344,0.5557622313499451,93.17404174804688,101.42701721191406,0.7911584377288818,93.22589874267578,97.98482513427734,0.5129244327545166,51.02393341064453,89.16401672363281,0.7847316265106201,54.46503448486328,92.52336883544922,0.31665438413619995,142.8813018798828,150.167724609375,0.48009300231933594,146.20294189453125,143.46810913085938,0.36248791217803955,41.20521545410156,167.75323486328125,0.7413875460624695,52.16181945800781,164.09857177734375,0.4891398251056671,33.75045394897461,242.99855041503906,0.6799425482749939,52.20058822631836,240.69227600097656,0.762610673904419
RS_1_0004.jpg,97.55859375,35.944793701171875,0.9267030954360962,99.82815551757812,29.119279861450195,0.9173381328582764,97.55684661865234,30.37257194519043,0.9011333584785461,120.04568481445312,26.850048065185547,0.9038965106010437,121.04084777832031,24.56359100341797,0.7166431546211243,155.9038848876953,49.32513427734375,0.8427997827529907,130.02650451660156,52.53237533569336,0.536171019077301,119.88325500488281,98.86454010009766,0.7877219915390015,105.36260223388672,87.34996032714844,0.7353183031082153,67.09954833984375,85.29712677001953,0.45067256689071655,57.220821380615234,82.74449157714844,0.7082565426826477,152.61764526367188,137.863037109375,0.6118676662445068,136.99932861328125,130.09307861328125,0.5652147531509399,68.22686004638672,158.8486328125,0.7334694862365723,64.25360107421875,153.90638732910156,0.6248266100883484,55.435401916503906,240.27113342285156,0.7133809328079224,43.01186752319336,230.33230590820312,0.6671356558799744
RS_1_0005.jpg,102.00563049316406,45.28892517089844,0.9232518672943115,104.27178192138672,40.75663375854492,0.8942140340805054,102.00563049316406,40.75663375854492,0.9159365892410278,122.40095520019531,38.49048614501953,0.8320369124412537,126.93324279785156,33.958194732666016,0.6215214729309082,149.59471130371094,67.95038604736328,0.7362400889396667,147.3285675048828,61.15195083618164,0.6088545322418213,113.33636474609375,108.74102020263672,0.8567230701446533,111.07022094726562,99.67643737792969,0.7166215181350708,52.150413513183594,95.1441421508789,0.9087963104248047,54.416561126708984,95.1441421508789,0.6879271268844604,149.59471130371094,163.1285400390625,0.6376394033432007,147.3285675048828,154.06394958496094,0.4635263979434967,49.88426971435547,176.72540283203125,0.5508663058280945,74.81187438964844,163.1285400390625,0.5498634576797485,40.81968307495117,244.7097930908203,0.3755026161670685,38.55353546142578,240.17750549316406,0.3327734172344208
RS_1_0006.jpg,181.37864685058594,204.8723602294922,0.11972620338201523,187.67384338378906,197.22821044921875,0.2534055709838867,187.67384338378906,197.6778564453125,0.263129323720932,188.57315063476562,201.72476196289062,0.16345427930355072,183.62693786621094,203.5233917236328,0.10541032999753952,185.42555236816406,207.12063598632812,0.050599582493305206,184.9759063720703,205.322021484375,0.08299801498651505,185.87521362304688,240.8448486328125,0.24337773025035858,185.87521362304688,242.19381713867188,0.272876113653183,185.87521362304688,242.19381713867188,0.2350369691848755,186.77452087402344,239.49588012695312,0.2851342558860779,187.22418212890625,240.8448486328125,0.1306907832622528,186.3248748779297,236.79794311523438,0.116975337266922,185.87521362304688,205.322021484375,0.1430169939994812,185.42555236816406,208.01995849609375,0.2015843391418457,185.87521362304688,243.54278564453125,0.30003103613853455,185.42555236816406,242.6434783935547,0.23491519689559937
RS_1_0007.jpg,84.17826843261719,40.25341796875,0.7931492328643799,89.02005004882812,35.41163635253906,0.7922585010528564,84.17826843261719,32.990745544433594,0.7674685716629028,108.38717651367188,32.990745544433594,0.7800370454788208,113.22895812988281,35.41163635253906,0.6166946887969971,132.59608459472656,62.04143524169922,0.7516117691993713,127.75430297851562,57.19965362548828,0.5059263110160828,89.02005004882812,98.35479736328125,0.8054892420768738,81.75736999511719,86.2503433227539,0.6169894337654114,47.86490249633789,103.19657897949219,0.5452182292938232,28.49777603149414,93.51301574707031,0.4391269087791443,156.80499267578125,151.61439514160156,0.6523560881614685,144.70053100585938,144.3517303466797,0.4284367859363556,30.91866683959961,163.71885681152344,0.7502037286758423,62.3902473449707,139.50994873046875,0.49812376499176025,28.49777603149414,243.60824584960938,0.8461431264877319,35.76044845581055,231.50379943847656,0.41811662912368774
RS_1_0008.jpg,80.2757797241211,39.060909271240234,0.9024092555046082,82.5545654296875,32.224544525146484,0.9485291242599487,77.99698638916016,34.50333023071289,0.9395862221717834,103.06365966796875,29.945755004882812,0.928432822227478,103.06365966796875,32.224544525146484,0.6922177672386169,125.8515396118164,61.84878921508789,0.733396589756012,141.8030548095703,55.01242446899414,0.614940345287323,73.43941497802734,114.26091766357422,0.8375126123428345,112.1788101196289,96.0306167602539,0.5213795900344849,30.14243507385254,105.14576721191406,0.8169130682945251,73.43941497802734,98.30940246582031,0.7879369258880615,148.63941955566406,150.72152709960938,0.6250777840614319,150.918212890625,141.60638427734375,0.4396752417087555,43.81516647338867,166.6730499267578,0.7782506346702576,66.6030502319336,148.4427490234375,0.6014512777328491,52.93031692504883,241.87306213378906,0.8460197448730469,68.8818359375,216.806396484375,0.7553749084472656
RS_1_0009.jpg,93.24430847167969,40.81999588012695,0.9665689468383789,95.53282928466797,33.95444869995117,0.9859249591827393,90.95579528808594,33.95444869995117,0.9227492809295654,113.84095001220703,29.377418518066406,0.962188184261322,118.41797637939453,29.377418518066406,0.676707923412323,134.4375762939453,61.416629791259766,0.7816606163978577,145.88015747070312,54.55108642578125,0.6536166667938232,84.09024810791016,107.18693542480469,0.9565492272377014,97.82134246826172,95.74435424804688,0.5873622894287109,36.03143310546875,98.03287506103516,0.9207229018211365,45.18549346923828,95.74435424804688,0.3624502718448639,152.74569702148438,146.09169006347656,0.7065373659133911,148.16867065429688,136.9376220703125,0.4663310945034027,52.05104064941406,164.39981079101562,0.8761026859283447,68.07064819335938,152.9572296142578,0.604399561882019,58.91658401489258,239.92080688476562,0.8673890829086304,74.93618774414062,217.03565979003906,0.7307277321815491
RS_1_0010.jpg,86.76405334472656,38.55445861816406,0.9567966461181641,91.46067810058594,31.509517669677734,0.981593668460846,84.41574096679688,31.509517669677734,0.9470436573028564,110.24718475341797,29.161205291748047,0.9556130766868591,112.59549713134766,29.161205291748047,0.5905057787895203,136.07862854003906,59.689273834228516,0.7800202965736389,133.73031616210938,59.689273834228516,0.5975850224494934,89.11236572265625,109.00384521484375,0.9652383923530579,93.80899047851562,97.26228332519531,0.7908236384391785,37.44948196411133,101.95890808105469,0.9385113716125488,44.49441909790039,99.610595703125,0.49205416440963745,152.51681518554688,148.9251708984375,0.7525342702865601,145.4718780517578,139.53192138671875,0.5639999508857727,56.235984802246094,167.711669921875,0.8663597702980042,65.62923431396484,151.2734832763672,0.7138599157333374,67.97755432128906,247.5543212890625,0.8229596614837646,75.02249145507812,224.07118225097656,0.6928336024284363
RS_1_0011.jpg,111.45967102050781,36.75,0.93070387840271,113.95967102050781,29.25,0.9790138602256775,108.95967102050781,29.25,0.9295971393585205,136.4596710205078,29.25,0.9812720417976379,133.9596710205078,29.25,0.637136697769165,158.9596710205078,61.75,0.8581962585449219,133.9596710205078,61.75,0.8592426180839539,113.95967102050781,111.75,0.9234991073608398,98.95967102050781,91.75,0.818757951259613,61.45967102050781,96.75,0.8112937808036804,51.45967102050781,94.25,0.7205144762992859,153.9596710205078,149.25,0.7896281480789185,136.4596710205078,139.25,0.7042334675788879,73.95967102050781,166.75,0.8655917048454285,66.45967102050781,154.25,0.7312659025192261,71.45967102050781,249.25,0.9215850234031677,53.95967102050781,226.75,0.8189693689346313
RS_1_0012.jpg,105.57902526855469,32.542728424072266,0.9626914858818054,110.53765869140625,25.104768753051758,0.9360380172729492,105.57902526855469,27.584089279174805,0.9231619238853455,132.85154724121094,27.584089279174805,0.9495685696601868,132.85154724121094,27.584089279174805,0.7245917320251465,152.68609619140625,62.29457092285156,0.8012959361076355,140.2895050048828,62.29457092285156,0.6010676622390747,108.05834197998047,109.40164947509766,0.8785127997398376,105.57902526855469,101.96369171142578,0.665830671787262,48.55466079711914,97.00505065917969,0.8306111097335815,48.55466079711914,97.00505065917969,0.6643428802490234,155.16542053222656,149.07077026367188,0.743039071559906,142.76882934570312,139.1534881591797,0.6194443702697754,53.513301849365234,163.94668579101562,0.8431210517883301,51.03398132324219,151.5500946044922,0.5129265785217285,51.03398132324219,240.8056182861328,0.8322147727012634,48.55466079711914,230.88833618164062,0.35050177574157715
RS_1_0013.jpg,111.32406616210938,36.75,0.9058701395988464,113.82406616210938,29.25,0.9454864263534546,108.82406616210938,29.25,0.8799113631248474,133.82406616210938,26.75,0.9841281175613403,133.82406616210938,26.75,0.6384154558181763,156.32406616210938,59.25,0.8378445506095886,131.32406616210938,59.25,0.7921987175941467,108.82406616210938,91.75,0.9086705446243286,98.82406616210938,84.25,0.7991722822189331,46.324066162109375,86.75,0.8197730183601379,46.324066162109375,84.25,0.7552056312561035,158.82406616210938,136.75,0.7130957245826721,136.32406616210938,126.75,0.7221851348876953,73.82406616210938,161.75,0.9323068261146545,73.82406616210938,139.25,0.8790930509567261,76.32406616210938,236.75,0.8998370170593262,73.82406616210938,199.25,0.5662605166435242
RS_1_0014.jpg,91.60008239746094,39.098411560058594,0.9212177991867065,91.60008239746094,31.627376556396484,0.9373134970664978,89.10973358154297,31.627376556396484,0.8401271104812622,104.05180358886719,29.13703155517578,0.9184649586677551,114.01319122314453,26.646686553955078,0.6141811609268188,128.95526123046875,59.021175384521484,0.7350878119468689,143.8973388671875,51.550140380859375,0.7175754904747009,76.65800476074219,101.35704040527344,0.7995338439941406,106.54215240478516,83.92462921142578,0.6374542713165283,31.8317928314209,93.8860092163086,0.8213887214660645,71.67731475830078,86.41497039794922,0.7502589225769043,151.3683624267578,141.2025604248047,0.707664966583252,171.29112243652344,133.73153686523438,0.5614767074584961,69.18697357177734,166.10601806640625,0.9473586678504944,99.07111358642578,138.71221923828125,0.5953633785247803,84.12904357910156,235.835693359375,0.8456964492797852,114.01319122314453,215.9129180908203,0.5299616456031799
RS_1_0015.jpg,85.703857421875,41.750003814697266,0.9287985563278198,85.703857421875,34.250003814697266,0.9453873634338379,85.703857421875,36.750003814697266,0.9344806671142578,100.703857421875,31.750003814697266,0.9507806897163391,105.703857421875,29.250003814697266,0.6781314611434937,130.703857421875,56.750003814697266,0.8161545991897583,130.703857421875,54.250003814697266,0.6715949177742004,83.203857421875,104.25,0.9349989295005798,93.203857421875,91.75,0.6864848732948303,40.703857421875,96.75,0.7143000364303589,53.203857421875,86.75,0.7545933127403259,153.203857421875,139.25,0.646657407283783,150.703857421875,131.75,0.4516417384147644,63.203857421875,166.75,0.9406588673591614,83.203857421875,154.25,0.5489832162857056,68.203857421875,236.75,0.9049350023269653,85.703857421875,219.25,0.7204684615135193
RS_1_0016.jpg,87.9386215209961,40.167137145996094,0.9315109252929688,87.9386215209961,33.08687210083008,0.9548841714859009,85.57852935791016,35.44696044921875,0.9247743487358093,102.09915161132812,28.3666934967041,0.951371431350708,104.45924377441406,28.3666934967041,0.6211556196212769,132.78030395507812,59.047847747802734,0.8216160535812378,128.0601348876953,56.68775939941406,0.6817386746406555,92.65879821777344,103.88953399658203,0.9198900461196899,87.9386215209961,87.36891174316406,0.9011843800544739,40.736839294433594,96.80927276611328,0.6493224501609802,40.736839294433594,94.44918060302734,0.7615426778793335,158.7412872314453,136.9307861328125,0.667140781879425,151.66102600097656,129.8505096435547,0.4248195290565491,66.69782257080078,165.25184631347656,0.9531510472297668,87.9386215209961,155.81149291992188,0.6003977060317993,69.05790710449219,240.77468872070312,0.8178257942199707,83.21844482421875,224.2540740966797,0.7560280561447144
RS_1_0017.jpg,94.54193115234375,35.34700012207031,0.9054902195930481,97.20045471191406,26.763320922851562,0.8556792736053467,91.29776000976562,28.729938507080078,0.9199508428573608,116.49695587158203,23.45124626159668,0.814339280128479,114.35037231445312,24.6407470703125,0.555645763874054,157.09042358398438,46.02357864379883,0.7814422249794006,122.83326721191406,51.30742645263672,0.5508622527122498,126.41864776611328,93.25999450683594,0.7725486755371094,99.31253814697266,80.02626037597656,0.7122989892959595,70.14549255371094,83.35840606689453,0.5323504209518433,63.54161071777344,80.26919555664062,0.7179754972457886,154.54534912109375,130.25888061523438,0.5206731557846069,132.78768920898438,120.73179626464844,0.516243577003479,68.29263305664062,149.5891571044922,0.6334219574928284,58.262184143066406,139.81494140625,0.584306001663208,54.2236328125,230.27427673339844,0.8021241426467896,39.48857879638672,222.90675354003906,0.8148343563079834
RS_1_0018.jpg,90.78475952148438,39.80884552001953,0.9062615633010864,90.78475952148438,30.487409591674805,0.9010191559791565,88.45439910888672,32.81776809692383,0.8685916662216187,107.09727478027344,28.15705108642578,0.7779998779296875,123.4097900390625,21.165973663330078,0.568053126335144,132.73121643066406,49.13028335571289,0.7765604257583618,149.04373168945312,49.13028335571289,0.6544367671012878,97.77583312988281,95.73746490478516,0.723006546497345,104.76691436767578,95.73746490478516,0.5292609333992004,39.5168571472168,86.41603088378906,0.6417407393455505,72.14188385009766,107.3892593383789,0.3392811417579651,149.04373168945312,142.3446502685547,0.49125683307647705,172.3473358154297,140.0142822265625,0.5037998557090759,55.82937240600586,160.98751831054688,0.8066972494125366,83.7936782836914,163.31787109375,0.6545806527137756,55.82937240600586,233.22865295410156,0.8105849027633667,74.47224426269531,223.90721130371094,0.8714327812194824
RS_1_0019.jpg,90.41829681396484,34.2027702331543,0.8803291916847229,92.70289611816406,29.633560180664062,0.8472068905830383,88.1336898803711,29.633560180664062,0.8767832517623901,113.26435089111328,25.064348220825195,0.8968490362167358,113.26435089111328,22.779743194580078,0.7134531736373901,152.10264587402344,45.625797271728516,0.8034057021141052,126.97198486328125,47.910404205322266,0.5582039952278137,120.1181640625,91.31790924072266,0.8800410032272339,97.27210998535156,77.61027526855469,0.6699603796005249,85.84908294677734,82.17948913574219,0.47580763697624207,49.29539489746094,79.89488220214844,0.8375141620635986,154.3872528076172,127.87159729003906,0.5665329098701477,138.39500427246094,121.01777648925781,0.5226742029190063,65.28763580322266,153.00225830078125,0.7657962441444397,63.003028869628906,143.86383056640625,0.632841169834137,42.44157791137695,235.24806213378906,0.7060785293579102,58.43381881713867,223.8250274658203,0.5554263591766357
RS_1_0020.jpg,55.660682678222656,116.32296752929688,0.674157977104187,43.848480224609375,113.96052551269531,0.7407984733581543,43.848480224609375,118.6854019165039,0.6626875400543213,32.03627395629883,83.24879455566406,0.8283294439315796,29.673831939697266,83.24879455566406,0.6254833340644836,55.660682678222656,33.63753128051758,0.5409135818481445,62.748008728027344,92.69855499267578,0.49874764680862427,98.18462371826172,78.52391052246094,0.7002437710762024,81.64753723144531,144.67225646972656,0.48702359199523926,84.00997924804688,125.7727279663086,0.37963539361953735,79.28509521484375,194.2835235595703,0.5152588486671448,131.25880432128906,31.275089263916016,0.533811628818512,121.80903625488281,54.899497985839844,0.3416629433631897,145.43344116210938,151.75958251953125,0.33275333046913147,145.43344116210938,151.75958251953125,0.1792680323123932,166.69541931152344,69.07414245605469,0.16152323782444,157.2456512451172,217.90792846679688,0.13073505461215973
RS_1_0021.jpg,100.56697082519531,42.811683654785156,0.8609309792518616,100.56697082519531,38.04380798339844,0.9007014036178589,100.56697082519531,38.04380798339844,0.8193315267562866,114.87060546875,35.65986633300781,0.8105993270874023,136.32606506347656,26.124107360839844,0.7036012411117554,131.5581817626953,66.65108489990234,0.7543628215789795,150.62969970703125,52.347442626953125,0.7083799839019775,86.2633285522461,109.56199645996094,0.7760935425758362,112.48666381835938,85.72260284423828,0.6474894285202026,40.968475341796875,90.490478515625,0.8582500219345093,76.72756958007812,85.72260284423828,0.8943547010421753,145.86181640625,147.7050323486328,0.6226816773414612,164.93333435058594,138.1692657470703,0.48323196172714233,57.65605163574219,162.0086669921875,0.7770130038261414,81.49545288085938,152.47291564941406,0.6008769273757935,64.80786895751953,235.91079711914062,0.8459670543670654,76.72756958007812,221.60716247558594,0.6938695907592773
RS_1_0022.jpg,87.57589721679688,46.30087661743164,0.8729619979858398,87.57589721679688,41.4066276550293,0.8664717674255371,85.12877655029297,41.4066276550293,0.8763113617897034,99.8115234375,36.51237869262695,0.8326889872550964,116.94139099121094,26.723880767822266,0.5724300742149353,134.07125854492188,58.5364990234375,0.767978310585022,131.62413024902344,48.74800109863281,0.6513157486915588,102.2586441040039,105.0318603515625,0.8660921454429626,99.8115234375,90.34911346435547,0.6108790040016174,48.42190933227539,92.7962417602539,0.8858821988105774,50.86903381347656,90.34911346435547,0.7309106588363647,156.0953826904297,141.7387237548828,0.6935238242149353,151.2011260986328,131.95022583007812,0.5132943391799927,58.21040725708008,161.3157196044922,0.6866557598114014,72.89315032958984,146.6329803466797,0.6616045236587524,70.44602966308594,232.28231811523438,0.5601272583007812,75.34027862548828,224.94094848632812,0.795348584651947
RS_1_0023.jpg,95.07887268066406,54.072044372558594,0.9367918372154236,99.83152770996094,44.566734313964844,0.9317930340766907,95.07887268066406,44.566734313964844,0.892702579498291,123.59480285644531,44.566734313964844,0.8056398034095764,123.59480285644531,44.566734313964844,0.5327111482620239,154.487060546875,84.96430206298828,0.7971006035804749,128.3474578857422,84.96430206298828,0.6707003712654114,130.72378540039062,141.99615478515625,0.850959837436676,95.07887268066406,118.2328872680664,0.6958153247833252,61.81028747558594,120.60921478271484,0.7578604221343994,42.79966735839844,120.60921478271484,0.8217719793319702,147.3580780029297,199.02801513671875,0.5401110649108887,125.97113037109375,184.77005004882812,0.5399615168571472,45.175994873046875,215.66232299804688,0.5749678611755371,40.42333984375,196.65170288085938,0.4554879069328308,11.90740966796875,248.930908203125,0.3068474531173706,16.660064697265625,246.5545654296875,0.3620542883872986
RS_1_0024.jpg,90.83551025390625,27.412094116210938,0.8973961472511292,89.8164291381836,24.18603515625,0.8292034268379211,85.43130493164062,21.99728775024414,0.8961803317070007,68.11244201660156,26.61989974975586,0.6294494867324829,66.89189147949219,26.376487731933594,0.9759975075721741,46.102195739746094,59.10169219970703,0.5720033049583435,49.36141586303711,61.26900100708008,0.7068122625350952,66.48139953613281,104.94833374023438,0.42260950803756714,63.518211364746094,101.55409240722656,0.7347628474235535,81.0151138305664,172.1710205078125,0.33148083090782166,130.19332885742188,88.28263854980469,0.6682437062263489,34.80704116821289,137.4410400390625,0.3973042666912079,42.11990737915039,140.05113220214844,0.47904354333877563,125.70963287353516,139.23822021484375,0.48527994751930237,151.84014892578125,152.80441284179688,0.8584667444229126,81.0151138305664,193.3421173095703,0.3263000249862671,90.82537841796875,218.19895935058594,0.8368204236030579
RS_1_0025.jpg,90.33016967773438,36.696590423583984,0.9274430274963379,90.33016967773438,29.451236724853516,0.8433072566986084,87.91505432128906,29.451236724853516,0.9486112594604492,68.5941162109375,29.451236724853516,0.7137051820755005,68.5941162109375,27.03611946105957,0.9638295769691467,44.442935943603516,63.262882232666016,0.6694537997245789,49.27317428588867,65.6780014038086,0.7995108366012573,68.5941162109375,116.39546966552734,0.38667866587638855,66.17899322509766,116.39546966552734,0.8821618556976318,133.8022918701172,106.73500061035156,0.3153587877750397,124.14181518554688,101.90476989746094,0.8328130841255188,49.27317428588867,157.4524688720703,0.4542272090911865,54.10340881347656,159.86758422851562,0.5777448415756226,128.9720458984375,171.94317626953125,0.5426533818244934,150.70811462402344,164.6978302001953,0.924767792224884,138.6325225830078,229.906005859375,0.6356348395347595,148.29299926757812,234.73623657226562,0.8261961340904236
RS_1_0026.jpg,84.38894653320312,33.4162712097168,0.8955948948860168,82.06640625,28.771196365356445,0.8226471543312073,79.7438735961914,26.448659896850586,0.8961516618728638,58.84103775024414,28.771196365356445,0.7417822480201721,61.16357421875,28.771196365356445,0.9398059844970703,35.615665435791016,61.28671646118164,0.6746219992637634,44.90581512451172,65.93179321289062,0.7148000001907349,86.71147918701172,98.44731140136719,0.4247816801071167,96.00163269042969,98.44731140136719,0.8909596800804138,126.19461059570312,93.80223846435547,0.5396877527236938,133.1622314453125,91.47969818115234,0.8528980016708374,42.58327865600586,147.22059631347656,0.4447253942489624,56.51850128173828,149.5431365966797,0.599090039730072,123.87207794189453,142.5755157470703,0.5270111560821533,149.41998291015625,154.18820190429688,0.9153248071670532,140.1298370361328,214.5741729736328,0.5825189352035522,149.41998291015625,221.54177856445312,0.8543838858604431
RS_1_0027.jpg,114.24417114257812,41.75,0.8985762000083923,119.24417114257812,36.75,0.9063916802406311,114.24417114257812,36.75,0.8235680460929871,134.24417114257812,36.75,0.9892791509628296,144.24417114257812,36.75,0.7179799675941467,129.24417114257812,74.25,0.8198064565658569,169.24417114257812,69.25,0.768578827381134,86.74417114257812,119.25,0.9130289554595947,124.24417114257812,104.25,0.3880128860473633,51.744171142578125,104.25,0.9191949963569641,84.24417114257812,99.25,0.6625933647155762,134.24417114257812,159.25,0.6334949731826782,166.74417114257812,154.25,0.7080339789390564,49.244171142578125,171.75,0.9399359226226807,96.74417114257812,146.75,0.553037703037262,46.744171142578125,239.25,0.8694373965263367,96.74417114257812,216.75,0.7959017753601074
RS_1_0029.jpg,109.9364013671875,30.548357009887695,0.9290359020233154,114.87677764892578,23.137802124023438,0.9401983618736267,109.9364013671875,23.137802124023438,0.884952187538147,134.6382598876953,28.07817268371582,0.9432379007339478,134.6382598876953,25.607986450195312,0.7844748497009277,137.1084442138672,65.13095092773438,0.8442856669425964,156.8699188232422,60.19057846069336,0.6947686076164246,87.70474243164062,112.06446075439453,0.9499722719192505,104.99603271484375,89.83280181884766,0.5639296770095825,45.71159362792969,99.71353912353516,0.8573191165924072,65.47307586669922,92.30298614501953,0.7117852568626404,142.04881286621094,149.1172332763672,0.6533485651016235,159.34010314941406,144.17686462402344,0.5391900539398193,45.71159362792969,168.87872314453125,0.9323517084121704,85.23455810546875,146.6470489501953,0.6161469221115112,43.24140930175781,240.5140838623047,0.9274541139602661,85.23455810546875,208.4016876220703,0.7874253988265991
RS_3_0001.jpg,68.83270263671875,36.08977508544922,0.8931723237037659,75.52584838867188,29.396631240844727,0.9367112517356873,71.06375122070312,27.165584564208984,0.8830229640007019,95.60527801513672,33.858726501464844,0.9295064210891724,97.8363265991211,36.08977508544922,0.663162350654602,108.99156188964844,74.01758575439453,0.8610803484916687,115.68470764160156,67.32444763183594,0.6381562948226929,97.8363265991211,143.18006896972656,0.7610748410224915,108.99156188964844,123.10063934326172,0.5370684266090393,30.904891967773438,132.0248260498047,0.8252856731414795,75.52584838867188,127.56273651123047,0.6994818449020386,137.9951934814453,190.03207397460938,0.5349934101104736,144.68832397460938,181.10787963867188,0.3735846281051636,35.36698913574219,212.34254455566406,0.8359965085983276,44.29117965698242,203.41836547851562,0.6144980788230896,136.87966918945312,237.99960327148438,0.09062669426202774,135.76414489746094,234.6530303955078,0.09387154132127762
RS_3_0002.jpg,66.75984191894531,36.8785285949707,0.9267197847366333,69.19611358642578,29.569719314575195,0.9508527517318726,64.32357025146484,32.00598907470703,0.9382711052894592,91.1225357055664,27.13344955444336,0.9384831190109253,91.1225357055664,27.13344955444336,0.7095404863357544,122.79403686523438,46.62360763549805,0.8627503514289856,100.86761474609375,56.368682861328125,0.692017138004303,98.43134307861328,102.65780639648438,0.9115108847618103,86.25,95.34899139404297,0.6787259578704834,44.83341979980469,90.47645568847656,0.7661038041114807,39.960880279541016,92.91272735595703,0.7494964003562927,169.08316040039062,129.45677185058594,0.7041534185409546,149.59300231933594,127.02050018310547,0.6543008685112,86.25,141.6381072998047,0.8682390451431274,81.37745666503906,141.6381072998047,0.575966477394104,69.19611358642578,231.78009033203125,0.8252060413360596,59.45103454589844,224.4712677001953,0.6605193018913269
RS_3_0003.jpg,100.8291244506836,36.68909454345703,0.9207831621170044,103.32498168945312,26.705663681030273,0.9868263602256775,98.33325958251953,29.201520919799805,0.9303919672966003,120.79598236083984,24.209806442260742,0.932653546333313,120.79598236083984,24.209806442260742,0.6463831067085266,143.25869750976562,51.66423797607422,0.883125364780426,138.26698303222656,51.66423797607422,0.6512766480445862,105.82083892822266,104.0772476196289,0.9473472833633423,105.82083892822266,101.58139038085938,0.660514771938324,58.39954376220703,101.58139038085938,0.9065431356430054,65.88711547851562,101.58139038085938,0.6215312480926514,158.2338409423828,131.53167724609375,0.7693982124328613,150.74627685546875,126.53996276855469,0.5979086756706238,70.87882995605469,149.002685546875,0.8613340854644775,73.37468719482422,144.01097106933594,0.6918824315071106,43.42439651489258,231.36598205566406,0.7503108978271484,45.92025375366211,223.87841796875,0.5188030004501343
RS_3_0004.jpg,80.35748291015625,38.98255920410156,0.9038309454917908,80.35748291015625,29.519180297851562,0.9306677579879761,73.25994873046875,34.25086975097656,0.8690347671508789,96.91839599609375,20.055801391601562,0.9735851287841797,94.55255126953125,20.055801391601562,0.5105918645858765,122.94268798828125,31.885025024414062,0.8820361495018005,111.11346435546875,38.98255920410156,0.7184793949127197,132.40606689453125,88.66529846191406,0.8952934741973877,111.11346435546875,86.29945373535156,0.4533408284187317,85.08917236328125,83.93360900878906,0.8362101912498474,70.89410400390625,53.17762756347656,0.535984218120575,153.69866943359375,121.78712463378906,0.7924606800079346,141.86944580078125,117.05543518066406,0.6832901835441589,77.99163818359375,140.71388244628906,0.8379399180412292,80.35748291015625,154.90895080566406,0.5589461326599121,75.62579345703125,235.34767150878906,0.820939302444458,37.77227783203125,218.78675842285156,0.737474262714386
RS_3_0005.jpg,60.8070068359375,39.433006286621094,0.9151756167411804,60.8070068359375,32.11616516113281,0.9761871099472046,55.929115295410156,34.55511474609375,0.894298791885376,75.44068908691406,24.799327850341797,0.9466827511787415,75.44068908691406,24.799327850341797,0.7154565453529358,119.34172821044922,46.749847412109375,0.8214223980903625,107.1469955444336,44.3109016418457,0.6792584657669067,121.78067016601562,97.96772766113281,0.9015921950340271,109.5859375,93.08982849121094,0.43892115354537964,77.87963104248047,93.08982849121094,0.7069135308265686,63.24595260620117,90.65088653564453,0.5267358422279358,160.80381774902344,129.6740264892578,0.6305933594703674,146.17013549804688,122.35719299316406,0.610418975353241,70.56279754638672,141.86875915527344,0.846347987651825,70.56279754638672,139.4298095703125,0.7073166370391846,55.929115295410156,219.91505432128906,0.6832600831985474,58.36806106567383,219.91505432128906,0.6705144643783569
RS_3_0006.jpg,40.1591682434082,34.3515739440918,0.8973068594932556,45.0582275390625,27.002986907958984,0.854292631149292,40.1591682434082,29.452516555786133,0.8114153742790222,69.55352020263672,27.002986907958984,0.8253925442695618,84.25069427490234,27.002986907958984,0.5501618385314941,94.04881286621094,56.397335052490234,0.7529840469360352,103.846923828125,53.94780731201172,0.6022169589996338,69.55352020263672,105.3879165649414,0.9180904030799866,67.10398864746094,107.83744812011719,0.5411553978919983,18.113405227661133,105.3879165649414,0.8616523742675781,27.911521911621094,105.3879165649414,0.5620997548103333,150.3879852294922,149.4794464111328,0.6086269021034241,147.93844604492188,144.58038330078125,0.45609667897224426,27.911521911621094,169.07568359375,0.9860368967056274,52.40681457519531,161.7270965576172,0.6969623565673828,30.361051559448242,242.56155395507812,0.882340669631958,62.20492935180664,227.8643798828125,0.6625738143920898
RS_4_0001.jpg,70.51911163330078,38.864173889160156,0.9260590076446533,72.70136260986328,30.13519287109375,0.9424996972084045,68.33686828613281,32.317440032958984,0.8897544741630554,92.34156799316406,23.588457107543945,0.9098584651947021,90.1593246459961,25.770702362060547,0.6274741291999817,129.4397430419922,51.95764923095703,0.7599137425422668,114.16402435302734,51.95764923095703,0.7073829770088196,92.34156799316406,102.1492919921875,0.871712327003479,83.61258697509766,91.23806762695312,0.7099708318710327,35.603187561035156,99.96704864501953,0.8610946536064148,35.603187561035156,95.60255432128906,0.7206549644470215,146.897705078125,132.7007293701172,0.6787687540054321,133.80422973632812,123.97174835205078,0.6237753033638,48.696659088134766,152.3409423828125,0.8742955923080444,53.06114959716797,141.42971801757812,0.4440428614616394,50.87890625,237.44851684570312,0.5592783689498901,31.23869514465332,228.7195281982422,0.3881947100162506
RS_4_0002.jpg,123.60940551757812,36.75,0.9443973302841187,128.60940551757812,29.25,0.9565958380699158,123.60940551757812,31.75,0.8822388648986816,151.10940551757812,31.75,0.9787808060646057,146.10940551757812,31.75,0.6348931789398193,163.60940551757812,66.75,0.8335517644882202,148.60940551757812,61.75,0.7339569926261902,133.60940551757812,114.25,0.9204765558242798,121.10940551757812,99.25,0.8877042531967163,76.10940551757812,109.25,0.8735200762748718,76.10940551757812,106.75,0.7764131426811218,143.60940551757812,154.25,0.6570773720741272,131.10940551757812,144.25,0.5881203413009644,48.609405517578125,154.25,0.8593739867210388,51.109405517578125,149.25,0.7663452625274658,46.109405517578125,241.75,0.7416183948516846,53.609405517578125,234.25,0.720029890537262
RS_4_0004.jpg,121.14286804199219,36.82080078125,0.9145836234092712,123.07778930664062,29.073936462402344,0.9402754902839661,119.21001434326172,31.017087936401367,0.8733223676681519,140.2889862060547,25.22394561767578,0.9423925280570984,140.2892303466797,26.287580490112305,0.5949273109436035,158.60223388671875,55.98353576660156,0.8130439519882202,149.95651245117188,55.772178649902344,0.6688984632492065,130.58203125,107.61817932128906,0.8069784641265869,123.07855987548828,100.76692962646484,0.7071497440338135,91.63894653320312,109.34978485107422,0.7914575338363647,115.51872253417969,69.30440521240234,0.8896629214286804,151.18695068359375,145.16476440429688,0.5602810382843018,143.83831787109375,139.32273864746094,0.4738693833351135,70.86529541015625,161.19488525390625,0.7616361379623413,71.42412567138672,159.27789306640625,0.6173396110534668,36.91381072998047,233.14132690429688,0.7244887351989746,39.06752014160156,228.8339080810547,0.6306309700012207
RS_4_0008.jpg,62.73957061767578,36.09547805786133,0.9281206130981445,65.20294952392578,31.168724060058594,0.9459611773490906,62.73957061767578,31.168724060058594,0.9368811249732971,89.83673095703125,31.168724060058594,0.8949669599533081,89.83673095703125,31.168724060058594,0.7011761665344238,126.78740692138672,55.80250549316406,0.8589675426483154,102.15362548828125,60.72926330566406,0.7737919092178345,92.30010986328125,105.07007598876953,0.896476149559021,70.12970733642578,92.75318145751953,0.9416187405586243,30.715654373168945,105.07007598876953,0.8088347315788269,28.252275466918945,97.67993927001953,0.8367725014686584,158.8113250732422,144.484130859375,0.7065185308456421,141.5676727294922,134.630615234375,0.7112930417060852,45.49592208862305,151.874267578125,0.8169384598731995,43.03254699707031,149.410888671875,0.8318157196044922,60.27619171142578,230.70236206054688,0.804806113243103,52.88605880737305,223.31224060058594,0.8735485076904297
