SL_2_0001.jpg,95.29855346679688,26.75,0.9276646375656128,95.29855346679688,21.75,0.856667160987854,90.29855346679688,21.75,0.9296200275421143,70.29855346679688,24.25,0.6285073757171631,70.29855346679688,24.25,0.9354652166366577,65.29855346679688,61.75,0.7700487375259399,47.798553466796875,56.75,0.8023402094841003,110.29855346679688,86.75,0.49524062871932983,107.79855346679688,81.75,0.8757343292236328,162.79855346679688,81.75,0.247536763548851,172.79855346679688,76.75,0.875476062297821,47.798553466796875,129.25,0.5995301008224487,27.798553466796875,134.25,0.7471215128898621,130.29855346679688,136.75,0.851690948009491,115.29855346679688,146.75,0.7890652418136597,152.79855346679688,199.25,0.8136241436004639,90.29855346679688,221.75,0.8992487192153931
WL_1_0001.jpg,92.40176391601562,33.185951232910156,0.9417673945426941,97.0767822265625,23.835906982421875,0.8943856358528137,92.40176391601562,26.173418045043945,0.9222625494003296,122.7894058227539,26.173418045043945,0.7967533469200134,118.11438751220703,28.510929107666016,0.5433287620544434,143.82701110839844,63.5735969543457,0.7510890960693359,129.80194091796875,63.5735969543457,0.5600363612174988,76.0391845703125,103.31128692626953,0.6189616918563843,85.38922882080078,98.63626861572266,0.56219482421875,26.951446533203125,98.63626861572266,0.7427628636360168,31.626468658447266,98.63626861572266,0.5572609305381775,136.81446838378906,161.7490692138672,0.4504699409008026,129.80194091796875,157.0740509033203,0.4111071825027466,17.601402282714844,187.46168518066406,0.6069386601448059,24.613935470581055,180.44915771484375,0.35312753915786743,90.06424713134766,227.1993865966797,0.5250383615493774,104.08931732177734,220.1868438720703,0.6712408065795898
WL_1_0002.jpg,109.53115844726562,28.74500846862793,0.907275915145874,113.9105453491211,24.365619659423828,0.8821902871131897,111.7208480834961,22.175926208496094,0.8487331867218018,133.61778259277344,28.74500846862793,0.7897197008132935,129.2384033203125,24.365619659423828,0.462546169757843,142.37657165527344,61.590415954589844,0.7317419052124023,142.37657165527344,57.211029052734375,0.5235571265220642,107.34146118164062,101.0049057006836,0.7954989075660706,105.15176391601562,94.43582916259766,0.5724535584449768,56.97850036621094,94.43582916259766,0.7596428990364075,67.92697143554688,96.62551879882812,0.49651023745536804,131.4281005859375,155.74725341796875,0.5294592380523682,135.80747985839844,149.1781768798828,0.4313378930091858,52.59911346435547,160.12664794921875,0.421658456325531,61.357887268066406,153.55755615234375,0.5551595687866211,102.96207427978516,219.24838256835938,0.5883463621139526,107.34146118164062,208.29991149902344,0.5473661422729492
WL_1_0003.jpg,95.53057098388672,41.52226638793945,0.9383118152618408,97.91189575195312,34.37828063964844,0.9394477009773254,93.14923858642578,36.75960922241211,0.9276003837585449,124.10652160644531,31.996950149536133,0.9561607837677002,126.48785400390625,31.996950149536133,0.6086604595184326,145.53848266601562,72.47955322265625,0.6784131526947021,152.68247985839844,65.33556365966797,0.43908390402793884,102.674560546875,117.72481536865234,0.865192174911499,105.0558853149414,115.3434829711914,0.6034956574440002,47.90397644042969,120.10614013671875,0.8944180011749268,57.42929458618164,120.10614013671875,0.33985844254493713,147.91981506347656,162.97007751464844,0.635371208190918,145.53848266601562,155.82608032226562,0.4215037226676941,45.522647857666016,184.40203857421875,0.842017412185669,55.04796600341797,179.63937377929688,0.539875864982605,116.96253204345703,229.64730834960938,0.7439678907394409,116.96253204345703,220.12197875976562,0.6635355949401855
WL_1_0004.jpg,110.09645080566406,37.67019271850586,0.921527624130249,114.70227813720703,30.761459350585938,0.9451018571853638,110.09645080566406,30.761459350585938,0.9659292697906494,140.0343017578125,28.45854949951172,0.9262174963951111,140.0343017578125,30.761459350585938,0.5630301237106323,160.76051330566406,65.30513000488281,0.7879317998886108,142.33721923828125,67.60803985595703,0.6709941029548645,128.51974487304688,118.2720947265625,0.9222963452339172,133.1255645751953,106.75753784179688,0.17885400354862213,52.52366638183594,113.66626739501953,0.7940236330032349,130.82266235351562,88.33424377441406,0.4388032853603363,153.85177612304688,157.4215850830078,0.7254278659820557,133.1255645751953,148.20994567871094,0.6154544949531555,64.03822326660156,182.7536163330078,0.8404409885406494,59.432403564453125,173.54196166992188,0.5862300395965576,123.91392517089844,231.11474609375,0.7373601198196411,117.00518798828125,224.2060089111328,0.3258756995201111
WL_1_0005.jpg,117.4186782836914,38.89017105102539,0.9122760891914368,122.1455307006836,31.79990005493164,0.924028217792511,115.05525970458984,31.79990005493164,0.9088335037231445,143.41635131835938,29.43647575378418,0.9566813111305237,141.05291748046875,29.43647575378418,0.5144766569137573,162.32374572753906,67.25125885009766,0.8733333349227905,143.41635131835938,67.25125885009766,0.5841524004936218,110.32840728759766,107.42947387695312,0.9350489974021912,103.2381362915039,107.42947387695312,0.4485452175140381,44.152530670166016,114.51974487304688,0.8243895173072815,41.78910827636719,112.15631866455078,0.31595054268836975,155.23345947265625,159.4248046875,0.6905244588851929,133.962646484375,154.6979522705078,0.6492007374763489,63.0599250793457,178.3321990966797,0.7835099101066589,67.78677368164062,187.785888671875,0.36568522453308105,133.962646484375,216.14698791503906,0.4476904273033142,124.50894927978516,223.2372589111328,0.5641160011291504
WL_1_0007.jpg,102.59180450439453,39.2947998046875,0.9255850315093994,107.44352722167969,29.59136199951172,0.9190143942832947,102.59180450439453,29.59136199951172,0.9389411211013794,131.70211791992188,27.16550064086914,0.9358468055725098,131.70211791992188,27.16550064086914,0.7033371925354004,153.53485107421875,65.97925567626953,0.8542534112930298,146.2572784423828,63.55339431762695,0.568917453289032,102.59180450439453,112.0705795288086,0.9236960411071777,97.7400894165039,112.0705795288086,0.6957823038101196,34.66774368286133,121.77401733398438,0.7080970406532288,39.51946258544922,124.19988250732422,0.6172152757644653,155.96070861816406,167.8653564453125,0.6507889628410339,134.1279754638672,155.73605346679688,0.5945996642112732,44.37118148803711,192.1239471435547,0.8354626893997192,46.79703903198242,175.14292907714844,0.643631637096405,148.68313598632812,216.38253784179688,0.7479090094566345,138.97970581054688,213.95668029785156,0.29919254779815674
WL_1_0008.jpg,110.14171600341797,42.17771530151367,0.9363508820533752,112.5775375366211,32.43441390991211,0.9211070537567139,110.14171600341797,34.8702392578125,0.8824068307876587,134.49996948242188,32.43441390991211,0.956572413444519,132.0641326904297,34.8702392578125,0.6678661108016968,149.1149139404297,71.4076156616211,0.8915403485298157,146.67909240722656,68.97179412841797,0.6198446154594421,110.14171600341797,120.12411499023438,0.9166833758354187,107.70588684082031,115.2524642944336,0.6592617034912109,58.98938751220703,124.99576568603516,0.81814044713974,61.42521286010742,124.99576568603516,0.750709056854248,151.5507354736328,173.71226501464844,0.713208794593811,144.24325561523438,168.8406219482422,0.5226176381111145,63.86103820800781,205.37799072265625,0.7834730744361877,61.42521286010742,188.3272247314453,0.7394199371337891,112.5775375366211,249.2228546142578,0.6313782334327698,107.70588684082031,246.78701782226562,0.3157604932785034
WL_1_0009.jpg,116.26066589355469,39.25,0.9351071119308472,118.76066589355469,29.25,0.9365634918212891,113.76066589355469,31.75,0.9241782426834106,141.2606658935547,26.75,0.923218309879303,143.7606658935547,26.75,0.5917619466781616,158.7606658935547,64.25,0.8209266066551208,143.7606658935547,71.75,0.6578835844993591,106.26066589355469,109.25,0.8036328554153442,111.26066589355469,126.75,0.8025582432746887,43.76066589355469,124.25,0.8618878722190857,63.76066589355469,139.25,0.5733909606933594,158.7606658935547,174.25,0.7230268120765686,141.2606658935547,169.25,0.6661270260810852,61.26066589355469,184.25,0.8900370001792908,71.26066589355469,199.25,0.3853769898414612,121.26066589355469,244.25,0.8069860339164734,101.26066589355469,246.75,0.267056941986084
WL_1_0010.jpg,28.559619903564453,89.04373168945312,0.9019709825515747,21.574066162109375,84.40330505371094,0.915190577507019,22.74813461303711,89.06289672851562,0.8209383487701416,19.249683380126953,65.83570098876953,0.9692013263702393,19.26364517211914,63.519447326660156,0.7453163862228394,47.0843505859375,42.5473747253418,0.7767081260681152,56.22105026245117,69.26130676269531,0.4925396144390106,73.92774963378906,98.44324493408203,0.7662972211837769,87.8922119140625,103.09440612792969,0.5441724061965942,86.30415344238281,180.706787109375,0.6127899885177612,94.81844329833984,141.54550170898438,0.5872972011566162,119.24784851074219,34.450042724609375,0.6919450759887695,115.84378051757812,60.71492004394531,0.5603579878807068,140.14395141601562,144.92689514160156,0.7566514611244202,142.2754669189453,148.35354614257812,0.42446959018707275,180.4750518798828,81.82041931152344,0.4708554446697235,179.49435424804688,81.41189575195312,0.2820025384426117
WL_1_0011.jpg,111.77564239501953,32.7685546875,0.9178423285484314,116.26953125,28.274669647216797,0.9103717803955078,111.77564239501953,26.027729034423828,0.9401066899299622,134.24505615234375,30.5216121673584,0.80266934633255,131.9981231689453,30.5216121673584,0.6762315034866333,145.47976684570312,61.97879409790039,0.7752135396003723,136.49200439453125,59.73185348510742,0.6581228971481323,109.52870178222656,102.42374420166016,0.8791757822036743,100.54093933105469,93.43597412109375,0.7707635760307312,55.602108001708984,93.43597412109375,0.8018434643745422,57.84904861450195,91.18903350830078,0.6754250526428223,123.0103530883789,151.85646057128906,0.564338207244873,118.51647186279297,147.36257934570312,0.49598267674446106,37.6265754699707,174.32586669921875,0.6935523152351379,60.09598922729492,154.1033935546875,0.5954515933990479,100.54093933105469,226.00552368164062,0.7821629047393799,105.03482055664062,214.77081298828125,0.7474441528320312
WL_1_0013.jpg,111.23367309570312,37.45309066772461,0.9303299784660339,116.06620788574219,30.204294204711914,0.9206854701042175,113.64994049072266,30.204294204711914,0.884516179561615,135.39633178710938,35.03682327270508,0.7851070761680603,135.39633178710938,35.03682327270508,0.5178520083427429,145.06138610839844,71.28080749511719,0.7957969903945923,154.72645568847656,68.86454010009766,0.6313526034355164,99.15234375,109.94105529785156,0.8086056113243103,99.15234375,102.6922607421875,0.5581877827644348,43.57823944091797,102.6922607421875,0.7987796664237976,48.410770416259766,102.6922607421875,0.4956580102443695,125.73126983642578,153.433837890625,0.5352808833122253,130.5637969970703,151.017578125,0.45139336585998535,41.1619758605957,177.59649658203125,0.6736935377120972,50.8270378112793,167.93142700195312,0.5732975006103516,99.15234375,223.5055389404297,0.6593270897865295,103.98487854003906,209.00794982910156,0.6812430620193481
WL_1_0014.jpg,111.66958618164062,29.250003814697266,0.9203007221221924,116.66958618164062,24.250003814697266,0.947403609752655,109.16958618164062,24.250003814697266,0.9301239252090454,141.66958618164062,26.750003814697266,0.9229727983474731,141.66958618164062,26.750003814697266,0.5826349258422852,166.66958618164062,61.750003814697266,0.8603952527046204,131.66958618164062,64.25,0.788813591003418,146.66958618164062,114.25,0.8679701685905457,116.66958618164062,109.25,0.6189716458320618,74.16958618164062,101.75,0.7436045408248901,111.66958618164062,124.25,0.46058326959609985,141.66958618164062,149.25,0.7617597579956055,119.16958618164062,139.25,0.7234957218170166,39.169586181640625,169.25,0.7510472536087036,34.169586181640625,159.25,0.6943665742874146,96.66958618164062,219.25,0.759906530380249,84.16958618164062,216.75,0.6814520955085754
WL_1_0015.jpg,122.97765350341797,29.530004501342773,0.9382700324058533,130.42669677734375,24.563980102539062,0.938744843006134,122.97765350341797,24.563980102539062,0.930569052696228,152.7738037109375,27.0469913482666,0.9376212358474731,150.29078674316406,24.563980102539062,0.502281904220581,167.671875,61.80916213989258,0.8156265616416931,142.8417510986328,61.80916213989258,0.6175675392150879,115.52861785888672,108.98639678955078,0.9381153583526611,110.56259155273438,104.02037048339844,0.5696887969970703,58.41933822631836,99.0543441772461,0.8505116105079651,55.93632507324219,96.57133483886719,0.5331590175628662,150.29078674316406,153.6806182861328,0.7449420690536499,130.42669677734375,143.74856567382812,0.7280060648918152,48.48728942871094,178.5107421875,0.7986294627189636,43.521263122558594,161.12965393066406,0.666911244392395,105.59656524658203,233.1370086669922,0.836566150188446,98.14752960205078,223.2049560546875,0.4942369759082794
WL_1_0016.jpg,75.49185943603516,40.64860916137695,0.916339099407196,77.86209869384766,33.53788375854492,0.950566828250885,73.12161254882812,33.53788375854492,0.8502765893936157,103.93476104736328,31.167640686035156,0.9145435690879822,106.30500030517578,31.167640686035156,0.6526168584823608,130.00741577148438,64.35102844238281,0.7179557085037231,134.74790954589844,59.61054229736328,0.5546470880508423,80.23234558105469,114.12610626220703,0.8686948418617249,89.71331024169922,104.6451416015625,0.6161806583404541,32.82750701904297,118.86659240722656,0.6644092202186584,49.41919708251953,109.3856201171875,0.8407535552978516,148.9693603515625,159.16070556640625,0.5772767663002014,151.339599609375,147.3094940185547,0.3449057638645172,18.606054306030273,187.60360717773438,0.7500792741775513,66.01089477539062,154.4202117919922,0.4282457232475281,120.52645111083984,227.89772033691406,0.6812675595283508,125.26693725585938,216.0465087890625,0.4651224911212921
WL_1_0017.jpg,105.81063079833984,40.141136169433594,0.936776876449585,108.14745330810547,33.130672454833984,0.9567962884902954,103.47380828857422,35.467491149902344,0.9054387807846069,129.17884826660156,30.793848037719727,0.9534695148468018,129.17884826660156,30.793848037719727,0.6788723468780518,145.53660583496094,65.84618377685547,0.7426691055297852,159.5575408935547,61.17253875732422,0.6848958134651184,101.1369857788086,110.24580383300781,0.8799898028373718,110.4842758178711,105.57215881347656,0.5645113587379456,47.39007568359375,110.24580383300781,0.7927566170692444,70.75830078125,107.90898132324219,0.5425992608070374,150.2102508544922,154.6454315185547,0.6402473449707031,145.53660583496094,145.2981414794922,0.42094048857688904,49.726898193359375,178.01365661621094,0.7941783666610718,73.09512329101562,152.30860900878906,0.6780964136123657,119.8315658569336,217.7396240234375,0.7413938641548157,122.16838836669922,215.40280151367188,0.4599915146827698
WL_1_0018.jpg,117.56178283691406,35.34328079223633,0.9602881669998169,122.3759765625,28.121997833251953,0.9438279271125793,117.56178283691406,30.52909278869629,0.9094305038452148,146.44691467285156,28.121997833251953,0.9827432036399841,144.03982543945312,28.121997833251953,0.5656552910804749,163.2965850830078,61.821319580078125,0.8444968461990356,139.2256317138672,64.2284164428711,0.7604617476463318,115.1546859741211,100.33483123779297,0.8265156745910645,110.34049987792969,97.927734375,0.33849629759788513,50.16313934326172,102.74192810058594,0.8522104620933533,112.74759674072266,85.89226531982422,0.25182920694351196,153.66819763183594,150.88381958007812,0.73325514793396,132.0043487548828,138.8483428955078,0.6982084512710571,74.23408508300781,170.1405792236328,0.7848634719848633,62.198612213134766,160.51219177246094,0.7292845249176025,132.0043487548828,208.65408325195312,0.7123108506202698,117.56178283691406,206.2469940185547,0.6566288471221924
WL_1_0019.jpg,115.07376861572266,29.825185775756836,0.8887504935264587,119.8041763305664,25.09477424621582,0.9266321063041687,117.43897247314453,25.09477424621582,0.9005962610244751,141.09103393554688,27.459980010986328,0.9187167882919312,141.09103393554688,27.459980010986328,0.7524698972702026,155.2822723388672,62.93806838989258,0.8260329961776733,150.55184936523438,62.93806838989258,0.6947368383407593,110.34335327148438,107.87698364257812,0.9311112761497498,110.34335327148438,103.14656829833984,0.7014226913452148,48.847999572753906,112.60739135742188,0.688565194606781,63.03923416137695,105.51177215576172,0.7865043878555298,148.1866455078125,155.1811065673828,0.6942155957221985,138.725830078125,148.08547973632812,0.5562396049499512,55.94361877441406,178.83316040039062,0.8325011730194092,65.4044418334961,159.91151428222656,0.5484861135482788,129.26499938964844,228.5024871826172,0.7358301877975464,126.89979553222656,223.77206420898438,0.5658939480781555
WL_1_0020.jpg,114.56131744384766,34.71091842651367,0.8976022005081177,114.56131744384766,27.347482681274414,0.9291195273399353,112.10684204101562,27.347482681274414,0.851094663143158,134.1971435546875,24.89300537109375,0.9347795248031616,134.1971435546875,24.89300537109375,0.554250955581665,139.10609436035156,64.16465759277344,0.7845313549041748,173.4687957763672,61.71017837524414,0.8267349004745483,82.6530990600586,100.9818344116211,0.9124385118484497,97.37996673583984,96.0728759765625,0.3587246537208557,6.564273357391357,108.34526824951172,0.8098182678222656,45.8359260559082,108.34526824951172,0.2178618460893631,141.56057739257812,157.43482971191406,0.6053968667984009,168.55984497070312,152.52587890625,0.5893722772598267,33.563533782958984,177.07066345214844,0.8295072913169861,67.92623138427734,154.9803466796875,0.44085413217544556,109.65235900878906,228.6147003173828,0.7173536419868469,117.01579284667969,213.88783264160156,0.6543295383453369
WL_1_0021.jpg,109.50826263427734,38.753150939941406,0.9252489805221558,114.26121520996094,31.623722076416016,0.9106347560882568,109.50826263427734,34.00019836425781,0.8723689913749695,133.2730255126953,26.870769500732422,0.9298539161682129,135.64950561523438,26.870769500732422,0.7153463363647461,154.66131591796875,62.517913818359375,0.8299068212509155,142.7789306640625,62.517913818359375,0.6705772280693054,111.8847427368164,105.29447937011719,0.8673284649848938,107.13179016113281,105.29447937011719,0.6204606890678406,45.34341049194336,114.80038452148438,0.7762606739997864,52.472835540771484,112.42391204833984,0.4281771183013916,159.4142608642578,150.44752502441406,0.7047380805015564,147.53187561035156,143.31809997558594,0.5781493186950684,71.48464965820312,178.96524047851562,0.9323012232780457,73.86112213134766,159.95343017578125,0.5820727944374084,140.40245056152344,228.87124633789062,0.7202504873275757,133.2730255126953,214.6123809814453,0.5878914594650269
WL_1_0022.jpg,106.39286041259766,36.328651428222656,0.9662643074989319,111.21662902832031,29.093000411987305,0.9474604725837708,106.39286041259766,31.504884719848633,0.9409123659133911,130.51168823242188,26.681116104125977,0.9431897401809692,130.51168823242188,26.681116104125977,0.70881587266922,152.21864318847656,60.44749069213867,0.8449559211730957,140.1592254638672,60.44749069213867,0.6756513714790344,106.39286041259766,99.03762817382812,0.804901123046875,103.98097229003906,99.03762817382812,0.5680482387542725,36.4482307434082,111.0970458984375,0.791476845741272,50.919532775878906,106.27327728271484,0.44605034589767456,159.4542999267578,142.4515380859375,0.712410032749176,142.5711212158203,135.21588134765625,0.6918473839759827,72.6264877319336,171.39413452148438,0.888529360294342,72.6264877319336,156.92283630371094,0.6272547245025635,132.923583984375,219.63182067871094,0.7110468745231628,125.68792724609375,207.57240295410156,0.6031531095504761
WL_1_0023.jpg,112.19261169433594,34.32773971557617,0.9154103398323059,119.08435821533203,25.13873863220215,0.9165621995925903,112.19261169433594,25.13873863220215,0.9225935935974121,144.35411071777344,27.435989379882812,0.839480459690094,139.75961303710938,27.435989379882812,0.638546347618103,162.7321014404297,64.19198608398438,0.8197271823883057,135.16510009765625,61.89473342895508,0.5402331948280334,119.08435821533203,112.4342269897461,0.8016260862350464,100.70635986328125,103.24522399902344,0.5517264604568481,77.7338638305664,103.24522399902344,0.5691918134689331,40.97787094116211,103.24522399902344,0.5644328594207764,151.245849609375,160.6764678955078,0.5244338512420654,139.75961303710938,153.7847137451172,0.5032122135162354,57.05862045288086,183.6489715576172,0.693598210811615,63.95036697387695,179.05445861816406,0.5835298895835876,123.6788558959961,236.48570251464844,0.5995628237724304,123.6788558959961,229.59396362304688,0.6943667531013489
WL_1_0024.jpg,104.6491470336914,35.54940414428711,0.8834718465805054,107.1001205444336,28.196491241455078,0.9059896469116211,104.6491470336914,30.6474609375,0.8803709745407104,126.70789337158203,28.196491241455078,0.874306321144104,146.31565856933594,28.196491241455078,0.6052051186561584,143.86468505859375,60.05911636352539,0.7240275144577026,156.1195526123047,57.60814666748047,0.6429664492607117,85.0413818359375,109.07854461669922,0.85863196849823,97.29623413085938,99.274658203125,0.5364683866500854,43.3748664855957,96.82369232177734,0.6809383034706116,53.17875289916992,99.274658203125,0.4117358922958374,141.41372680664062,155.64700317382812,0.5302600860595703,156.1195526123047,150.74505615234375,0.4714617133140564,40.92389678955078,167.90185546875,0.8228282332420349,50.727783203125,160.5489501953125,0.49145182967185974,104.6491470336914,221.82322692871094,0.6930585503578186,121.80594635009766,214.47032165527344,0.5808074474334717
WL_1_0025.jpg,100.64762878417969,34.836517333984375,0.8912209868431091,105.50544738769531,25.120891571044922,0.9394562244415283,100.64762878417969,27.5497989654541,0.9737091064453125,132.22341918945312,25.120891571044922,0.8264605402946472,124.93669891357422,25.120891571044922,0.5204954147338867,161.37030029296875,66.41230773925781,0.8420571684837341,117.64997863769531,66.41230773925781,0.7401193976402283,134.65232849121094,122.27716064453125,0.8337797522544861,90.9320068359375,107.70372009277344,0.7775259017944336,54.4984016418457,114.99044036865234,0.7168589234352112,47.2116813659668,114.99044036865234,0.7916383147239685,151.65467834472656,168.4263916015625,0.5937633514404297,124.93669891357422,158.71075439453125,0.6078692674636841,61.78512191772461,204.8599853515625,0.8069844245910645,49.640586853027344,200.00216674804688,0.688285231590271,120.07888793945312,253.43812561035156,0.6994401812553406,115.2210693359375,243.7224884033203,0.3016744554042816
WL_1_0026.jpg,104.3177719116211,25.931331634521484,0.9016044735908508,101.85667419433594,21.0091495513916,0.8627309799194336,99.39558410644531,18.548057556152344,0.9342834949493408,79.70685577392578,23.470239639282227,0.6298608779907227,79.70685577392578,23.470239639282227,0.9491691589355469,72.32357788085938,60.3866081237793,0.693056046962738,55.09593963623047,53.003334045410156,0.8171454071998596,119.08432006835938,84.99752044677734,0.47600579261779785,116.62322235107422,80.0753402709961,0.8341296315193176,170.76724243164062,77.61425018310547,0.32553690671920776,175.68942260742188,77.61425018310547,0.8149151802062988,55.09593963623047,126.83607482910156,0.5914714336395264,32.94612121582031,131.7582550048828,0.7619889974594116,136.31195068359375,141.6026153564453,0.6724528670310974,124.00650024414062,146.52481079101562,0.7928427457809448,104.3177719116211,235.12408447265625,0.28562408685684204,62.479217529296875,210.51318359375,0.9038069248199463
WL_1_0027.jpg,129.3131561279297,43.852073669433594,0.8358485698699951,132.92091369628906,36.296958923339844,0.9026261568069458,130.62954711914062,36.57320022583008,0.7272669672966003,150.53619384765625,39.18464660644531,0.8923548460006714,148.90277099609375,38.62977600097656,0.5455663204193115,147.76116943359375,85.21019744873047,0.7298906445503235,174.223388671875,83.32756805419922,0.6704028844833374,97.02618408203125,133.27870178222656,0.7788166999816895,119.73124694824219,121.9261703491211,0.4455268085002899,65.23910522460938,119.65567016601562,0.8489267826080322,85.67365264892578,115.11465454101562,0.8027614951133728,142.43630981445312,178.68882751464844,0.6519802212715149,158.32984924316406,174.14781188964844,0.5177648663520813,78.86213684082031,183.22982788085938,0.7194971442222595,92.48517608642578,128.73768615722656,0.5576975345611572,117.46073913574219,239.9924774169922,0.6514893770217896,44.80455017089844,190.04135131835938,0.69624263048172
WL_1_0028.jpg,129.3131561279297,43.852073669433594,0.8358485698699951,132.92091369628906,36.296958923339844,0.9026261568069458,130.62954711914062,36.57320022583008,0.7272669672966003,150.53619384765625,39.18464660644531,0.8923548460006714,148.90277099609375,38.62977600097656,0.5455663204193115,147.76116943359375,85.21019744873047,0.7298906445503235,174.223388671875,83.32756805419922,0.6704028844833374,97.02618408203125,133.27870178222656,0.7788166999816895,119.73124694824219,121.9261703491211,0.4455268085002899,65.23910522460938,119.65567016601562,0.8489267826080322,85.67365264892578,115.11465454101562,0.8027614951133728,142.43630981445312,178.68882751464844,0.6519802212715149,158.32984924316406,174.14781188964844,0.5177648663520813,78.86213684082031,183.22982788085938,0.7194971442222595,92.48517608642578,128.73768615722656,0.5576975345611572,117.46073913574219,239.9924774169922,0.6514893770217896,44.80455017089844,190.04135131835938,0.69624263048172
WL_1_0029.jpg,124.36751556396484,36.59320831298828,0.9419030547142029,129.34619140625,29.12520408630371,0.965499997138977,124.36751556396484,29.12520408630371,0.9392966032028198,149.2608642578125,31.614538192749023,0.9691099524497986,146.7715301513672,31.614538192749023,0.7538109421730042,151.7501983642578,73.93321990966797,0.7809339761734009,156.72886657714844,66.46521759033203,0.636041522026062,101.96350860595703,121.23057556152344,0.798071563243866,114.4101791381836,103.80523681640625,0.676788330078125,62.134159088134766,108.78390502929688,0.8758329153060913,77.0701675415039,101.31590270996094,0.7376548647880554,149.2608642578125,163.54925537109375,0.6203387379646301,146.7715301513672,148.61325073242188,0.48141735792160034,72.09149932861328,168.52792358398438,0.9405640959739685,82.04883575439453,126.20924377441406,0.7544520497322083,119.38884735107422,220.803955078125,0.9067779779434204,39.73014831542969,183.46392822265625,0.7572755217552185
WL_1_0030.jpg,130.69601440429688,38.60454177856445,0.9366114735603333,135.4610137939453,31.457050323486328,0.944547176361084,130.69601440429688,31.457050323486328,0.9303666353225708,159.28598022460938,36.2220458984375,0.9429426789283752,154.52099609375,36.2220458984375,0.5039255619049072,166.4334716796875,76.72450256347656,0.8322558403015137,149.75599670410156,71.95951080322266,0.7747758626937866,121.16602325439453,121.99195861816406,0.8606159090995789,111.63603210449219,102.93197631835938,0.8979479074478149,68.7510757446289,117.22696685791016,0.885932981967926,71.13357543945312,105.3144760131836,0.7372678518295288,152.13848876953125,155.346923828125,0.6452412605285645,137.843505859375,141.05194091796875,0.5931286811828613,71.13357543945312,174.4069061279297,0.8719007968902588,80.66356658935547,131.52195739746094,0.8681506514549255,118.78352355957031,214.90936279296875,0.9030708074569702,47.308597564697266,191.0843963623047,0.8191891312599182
WL_1_0031.jpg,99.98312377929688,43.051387786865234,0.8776076436042786,104.87217712402344,33.273292541503906,0.8927054405212402,102.42765045166016,33.273292541503906,0.8392181396484375,129.31741333007812,35.71781921386719,0.9378352761268616,131.76193237304688,35.71781921386719,0.7521605491638184,134.2064666748047,79.71924591064453,0.7995190620422363,163.54075622558594,74.8302001953125,0.6995993256568909,99.98312377929688,138.3878173828125,0.8297238349914551,112.20574951171875,121.27615356445312,0.5439344048500061,38.870025634765625,123.7206802368164,0.8521405458450317,68.20431518554688,116.3871078491211,0.898524820804596,141.5400390625,179.94473266601562,0.506468653678894,163.54075622558594,175.05567932128906,0.47058773040771484,26.64740753173828,192.1673583984375,0.904465913772583,43.75907516479492,179.94473266601562,0.5420462489128113,119.53931427001953,228.835205078125,0.6948980093002319,119.53931427001953,223.9461669921875,0.5680186748504639
WL_1_0032.jpg,99.206787109375,44.25,0.9006341695785522,101.706787109375,36.75,0.852713406085968,99.206787109375,36.75,0.8138242959976196,121.706787109375,34.25,0.9429699182510376,141.706787109375,34.25,0.5709784030914307,116.706787109375,76.75,0.7728767395019531,169.206787109375,76.75,0.7883723974227905,76.706787109375,129.25,0.8626888394355774,101.706787109375,109.25,0.4045681059360504,34.206787109375,116.75,0.9123041033744812,61.706787109375,111.75,0.7126111388206482,121.706787109375,171.75,0.6219502091407776,161.706787109375,166.75,0.6554183959960938,16.706787109375,176.75,0.8988580107688904,41.706787109375,161.75,0.2837565541267395,106.706787109375,209.25,0.7601785659790039,116.706787109375,201.75,0.6101585626602173
WL_1_0033.jpg,102.67318725585938,39.289371490478516,0.9152936339378357,107.43456268310547,32.147308349609375,0.9234146475791931,102.67318725585938,32.147308349609375,0.9227610230445862,136.0028076171875,32.147308349609375,0.9485781192779541,136.0028076171875,34.52799606323242,0.6038991212844849,150.2869415283203,77.38037109375,0.8181654810905457,131.24143981933594,74.99968719482422,0.7516751289367676,124.09937286376953,134.51687622070312,0.911306619644165,107.43456268310547,117.85205841064453,0.7258608341217041,55.05943298339844,122.61343383789062,0.8421700596809387,71.7242431640625,115.47137451171875,0.5333084464073181,140.76419067382812,170.22718811035156,0.5225765705108643,119.33799743652344,158.32374572753906,0.6527372598648071,33.63324737548828,194.0340576171875,0.8154661059379578,33.63324737548828,174.98855590820312,0.9103472828865051,121.71868896484375,222.60231018066406,0.6793437004089355,116.95731353759766,217.8409423828125,0.4497530460357666
WL_3_0001.jpg,105.58953094482422,32.712982177734375,0.9342524409294128,109.71926879882812,23.469669342041016,0.9271135330200195,103.5194091796875,27.629253387451172,0.904536247253418,129.2919158935547,20.298870086669922,0.9552107453346252,127.9665298461914,24.246620178222656,0.44122314453125,154.9031982421875,51.15896987915039,0.854377269744873,129.06710815429688,62.439308166503906,0.7423362731933594,156.973876953125,105.75811767578125,0.8535816073417664,127.96772766113281,105.7528076171875,0.6105090379714966,108.56723022460938,102.5307388305664,0.9419775605201721,67.56590270996094,107.79820251464844,0.611638605594635,166.18582153320312,138.47560119628906,0.639359176158905,144.21072387695312,136.6792449951172,0.5297387838363647,74.72706604003906,139.46942138671875,0.9006978273391724,82.79078674316406,164.28680419921875,0.8506389260292053,47.51338195800781,212.10389709472656,0.8023642301559448,123.16352844238281,234.9206085205078,0.6604418158531189
WL_3_0003.jpg,135.75498962402344,30.253942489624023,0.9319311380386353,140.6190948486328,24.40561866760254,0.9358401894569397,135.75460815429688,24.397418975830078,0.9247972369194031,159.11692810058594,27.32845687866211,0.9413096904754639,154.33291625976562,27.32952117919922,0.5042263865470886,170.7979278564453,60.42487335205078,0.8569017648696899,146.422119140625,58.479705810546875,0.75083327293396,133.80780029296875,95.46867370605469,0.8855953812599182,115.27214050292969,88.61763000488281,0.7623058557510376,84.14361572265625,96.41796875,0.6634124517440796,70.35003662109375,92.49208068847656,0.791033148765564,160.14849853515625,142.184814453125,0.6148895025253296,143.54269409179688,135.40391540527344,0.5981597900390625,91.95489501953125,151.92575073242188,0.6964232921600342,83.1954574584961,150.87548828125,0.8342978954315186,110.49365234375,223.7591094970703,0.7076265811920166,38.92041778564453,214.25997924804688,0.648192822933197
WL_3_0004.jpg,125.39242553710938,26.46973419189453,0.9426314830780029,130.525146484375,21.341506958007812,0.9316197633743286,126.32542419433594,21.347902297973633,0.9168670177459717,148.2377471923828,25.295169830322266,0.9739330410957336,147.40713500976562,25.21434783935547,0.646007776260376,163.84149169921875,60.72569274902344,0.851262092590332,145.21142578125,54.430660247802734,0.7199093103408813,127.50360107421875,99.18106079101562,0.8782187104225159,125.41776275634766,86.54771423339844,0.6644384264945984,82.74974060058594,89.85946655273438,0.8187333345413208,87.80158996582031,81.44746398925781,0.7289201021194458,159.67083740234375,141.53207397460938,0.6892639398574829,141.93231201171875,128.90313720703125,0.689141035079956,86.9479751586914,165.5922088623047,0.8779106140136719,80.67774963378906,144.8380126953125,0.8713688850402832,39.04149627685547,231.84747314453125,0.8014070987701416,91.5210189819336,220.43887329101562,0.5986533164978027
WL_3_0005.jpg,82.2119140625,41.749996185302734,0.8929617404937744,84.7119140625,34.249996185302734,0.9523702263832092,84.7119140625,34.249996185302734,0.8201448321342468,102.2119140625,39.249996185302734,0.9991313219070435,129.7119140625,36.749996185302734,0.6461538076400757,94.7119140625,91.75,0.789461076259613,154.7119140625,81.75,0.713202953338623,32.2119140625,144.25,0.8440561890602112,109.7119140625,131.75,0.33955761790275574,19.7119140625,126.75,0.7833557724952698,57.2119140625,119.25,0.6418206095695496,109.7119140625,216.75,0.6787720322608948,159.7119140625,209.25,0.5963727831840515,29.7119140625,214.25,0.8358454704284668,82.2119140625,189.25,0.47353029251098633,74.7119140625,249.25,0.6639195084571838,149.7119140625,249.25,0.368835985660553
WL_3_0006.jpg,133.0610809326172,32.09577941894531,0.8939175009727478,138.57070922851562,23.302305221557617,0.9161681532859802,131.96336364746094,25.50472068786621,0.8480179309844971,160.53768920898438,21.10930633544922,0.8185853958129883,156.13807678222656,24.41851043701172,0.47828227281570435,183.62857055664062,59.56525802612305,0.7632415294647217,157.2473602294922,62.877174377441406,0.7159411907196045,149.57398986816406,98.04322814941406,0.6641509532928467,121.94329833984375,95.86396789550781,0.6850975155830383,78.8868637084961,104.5992660522461,0.5999777913093567,69.33116149902344,103.53184509277344,0.8255148530006409,168.25787353515625,143.027099609375,0.4654015898704529,148.45547485351562,136.50741577148438,0.48305544257164,66.010009765625,144.21426391601562,0.7603725790977478,72.61836242675781,148.63015747070312,0.6055047512054443,36.69643020629883,234.40716552734375,0.39774835109710693,80.61772155761719,225.62289428710938,0.805556058883667
WL_3_0007.jpg,92.80636596679688,39.25,0.9684164524078369,100.30636596679688,31.75,0.9572150111198425,92.80636596679688,31.75,0.9501082897186279,120.30636596679688,31.75,0.9465707540512085,120.30636596679688,31.75,0.6655521988868713,132.80636596679688,71.75,0.8577581644058228,117.80636596679688,71.75,0.587895393371582,100.30636596679688,141.75,0.9144414067268372,95.30636596679688,134.25,0.5905818939208984,35.306365966796875,149.25,0.8536885380744934,40.306365966796875,144.25,0.8369855880737305,127.80636596679688,184.25,0.702278733253479,127.80636596679688,181.75,0.49595344066619873,32.806365966796875,231.75,0.8233028650283813,47.806365966796875,231.75,0.47795265913009644,107.80636596679688,251.75,0.5964232087135315,110.30636596679688,249.25,0.5689711570739746
WL_3_0008.jpg,111.46125030517578,38.81625747680664,0.9200637936592102,116.41413116455078,31.386940002441406,0.9666950106620789,108.98480987548828,31.386940002441406,0.9077926874160767,136.22564697265625,28.910499572753906,0.9198845028877258,133.74920654296875,28.910499572753906,0.4947704076766968,153.56072998046875,61.10421371459961,0.8107119202613831,133.74920654296875,63.58065414428711,0.6949093341827393,118.89057159423828,113.10944366455078,0.8669658899307251,104.03193664550781,108.15656280517578,0.7606655359268188,54.503143310546875,118.06232452392578,0.863544762134552,47.07382583618164,115.58588409423828,0.7247366905212402,153.56072998046875,155.2089080810547,0.6948375701904297,143.65496826171875,152.7324676513672,0.5602301359176636,66.88533782958984,189.87905883789062,0.8900123834609985,108.98480987548828,222.07278442382812,0.2642614245414734,160.9900360107422,224.54922485351562,0.5411328673362732,158.5135955810547,209.69058227539062,0.2206917554140091
WL_3_0009.jpg,97.71685028076172,28.099679946899414,0.895710825920105,105.17989349365234,20.636632919311523,0.9469578266143799,100.20452880859375,20.636632919311523,0.8854581117630005,135.03208923339844,23.12431526184082,0.9361758828163147,132.54440307617188,23.12431526184082,0.6255909204483032,159.90890502929688,60.43954849243164,0.7626898288726807,135.03208923339844,57.951866149902344,0.744332492351532,135.03208923339844,115.1685562133789,0.8376366496086121,100.20452880859375,102.73014831542969,0.7442888617515564,50.45088195800781,115.1685562133789,0.8112353682518005,35.52478790283203,102.73014831542969,0.7438706755638123,144.98281860351562,154.9714813232422,0.662677526473999,127.56903839111328,147.5084228515625,0.6932882070541382,40.500152587890625,184.82366943359375,0.8661472201347351,30.54942512512207,167.40988159179688,0.8814138174057007,127.56903839111328,227.1142578125,0.7222998738288879,110.15525817871094,219.65121459960938,0.5918828845024109
WL_3_0010.jpg,135.29833984375,30.89898681640625,0.9488959312438965,140.08763122558594,26.109689712524414,0.9226641654968262,132.9036865234375,26.109689712524414,0.9205431342124939,156.8501739501953,23.715042114257812,0.853224515914917,132.9036865234375,26.109689712524414,0.6499508619308472,178.40200805664062,54.8454704284668,0.8822355270385742,137.69297790527344,54.8454704284668,0.9242043495178223,164.03411865234375,97.94914245605469,0.897596001625061,106.56255340576172,83.58125305175781,0.8381834030151367,120.9304428100586,90.76519775390625,0.8007375001907349,82.6160659790039,83.58125305175781,0.8294599056243896,168.8234100341797,133.86886596679688,0.8020394444465637,142.48228454589844,131.47422790527344,0.7261945009231567,96.98395538330078,131.47422790527344,0.8919408321380615,94.58930969238281,153.02606201171875,0.813899040222168,53.88028335571289,191.34043884277344,0.9211708903312683,49.09098434448242,227.26016235351562,0.8038607239723206
WL_3_0011.jpg,106.59351348876953,39.474159240722656,0.9180558919906616,112.98579406738281,30.853309631347656,0.9250845909118652,105.35867309570312,31.844676971435547,0.85502690076828,141.63742065429688,30.853473663330078,0.9194040298461914,140.2564697265625,30.900920867919922,0.6127157807350159,160.11338806152344,73.53428649902344,0.7855877876281738,137.42398071289062,69.09323120117188,0.6446102857589722,98.94744110107422,120.66464233398438,0.8514054417610168,100.33272552490234,118.02897644042969,0.3429001569747925,106.60706329345703,70.03483581542969,0.873893141746521,71.56083679199219,114.96363830566406,0.6719046831130981,138.07919311523438,175.48971557617188,0.5422213077545166,121.07554626464844,164.223876953125,0.42738890647888184,24.069293975830078,190.29563903808594,0.7361401915550232,21.943958282470703,184.326904296875,0.567534327507019,44.87530517578125,253.39625549316406,0.485307902097702,52.36892318725586,250.89837646484375,0.5268934369087219
WL_3_0013.jpg,102.91561126708984,30.29315185546875,0.9378868937492371,105.12727355957031,23.658157348632812,0.9160729050636292,100.70394897460938,25.869821548461914,0.9005922079086304,125.03225708007812,21.44649314880371,0.9126694202423096,120.60893249511719,25.869821548461914,0.5261362791061401,144.93724060058594,52.4098014831543,0.8355073928833008,133.87892150878906,59.044795989990234,0.5661205053329468,102.91561126708984,94.43143463134766,0.9200413227081299,98.49227905273438,103.27809143066406,0.7051063179969788,49.835655212402344,101.0664291381836,0.7957616448402405,49.835655212402344,101.0664291381836,0.6671663522720337,164.84222412109375,145.2997283935547,0.6749635934829712,158.2072296142578,145.2997283935547,0.4793959856033325,74.16397094726562,160.7813720703125,0.7206507921218872,69.74063873291016,158.56971740722656,0.8567382097244263,80.79896545410156,242.61297607421875,0.8018211126327515,56.47064971923828,233.7663116455078,0.700977087020874
WL_3_0015.jpg,107.44792175292969,36.75,0.941438615322113,109.94792175292969,31.75,0.9363132119178772,107.44792175292969,31.75,0.8884569406509399,122.44792175292969,31.75,0.9706911444664001,139.9479217529297,29.25,0.6757755875587463,127.44792175292969,69.25,0.8124192953109741,157.4479217529297,64.25,0.8042421340942383,94.94792175292969,106.75,0.7661167979240417,117.44792175292969,104.25,0.42532145977020264,64.94792175292969,106.75,0.9025577306747437,77.44792175292969,109.25,0.4674975872039795,159.9479217529297,169.25,0.6452609896659851,179.9479217529297,161.75,0.6187646389007568,89.94792175292969,169.25,0.6401463150978088,104.94792175292969,159.25,0.6921430230140686,87.44792175292969,246.75,0.46255964040756226,49.94792175292969,231.75,0.47206321358680725
WL_3_0016.jpg,82.02114868164062,31.749996185302734,0.922053873538971,92.02114868164062,24.249996185302734,0.9428418278694153,82.02114868164062,24.249996185302734,0.861496090888977,119.52114868164062,29.249996185302734,0.935501217842102,117.02114868164062,29.249996185302734,0.49377530813217163,139.52114868164062,71.75,0.8135541081428528,102.02114868164062,71.75,0.8552458882331848,89.52114868164062,124.25,0.8755378127098083,69.52114868164062,104.25,0.8291325569152832,32.021148681640625,104.25,0.7694151997566223,24.521148681640625,99.25,0.7741532325744629,152.02114868164062,161.75,0.640675961971283,119.52114868164062,154.25,0.583402693271637,34.521148681640625,149.25,0.7645164132118225,22.021148681640625,141.75,0.7660797834396362,34.521148681640625,239.25,0.8210675716400146,29.521148681640625,226.75,0.44234275817871094
WL_3_0018.jpg,101.18628692626953,27.783872604370117,0.9351670742034912,109.65692901611328,23.548551559448242,0.9477208256721497,101.18628692626953,21.430891036987305,0.9323336482048035,130.83352661132812,32.01919174194336,0.8792666792869568,128.7158660888672,27.783872604370117,0.49181264638900757,118.12757110595703,65.9017562866211,0.7848222255706787,147.77481079101562,61.666439056396484,0.7227818369865417,88.4803237915039,123.0785903930664,0.8907442688941956,109.65692901611328,91.31368255615234,0.6088855266571045,35.538814544677734,108.25496673583984,0.714765191078186,69.42137908935547,87.07836151123047,0.8285118341445923,137.18650817871094,156.96115112304688,0.6392642855644226,158.3631134033203,152.725830078125,0.6508750915527344,44.009456634521484,148.49050903320312,0.6868506669998169,69.42137908935547,133.66688537597656,0.5365784168243408,31.303495407104492,224.72628784179688,0.6069144606590271,30.244665145874023,230.0204315185547,0.5623515844345093
WL_3_0019.jpg,104.75,39.270233154296875,0.9331703186035156,109.75,31.770233154296875,0.9769827723503113,104.75,34.270233154296875,0.9253033995628357,139.75,31.770233154296875,0.947199821472168,137.25,31.770233154296875,0.6157412528991699,154.75,74.27023315429688,0.7663542628288269,129.75,71.77023315429688,0.7317246794700623,104.75,136.77023315429688,0.9404235482215881,92.25,116.77023315429688,0.7711247205734253,32.25,139.27023315429688,0.8143948912620544,34.75,126.77023315429688,0.7989732027053833,132.25,181.77023315429688,0.6525939702987671,114.75,169.27023315429688,0.5711484551429749,47.25,199.27023315429688,0.6340363025665283,44.75,186.77023315429688,0.6221836805343628,79.75,249.27023315429688,0.6339584589004517,77.25,249.27023315429688,0.5279464721679688
WL_4_0001.jpg,94.8570556640625,27.34503173828125,0.9006403684616089,102.69834899902344,21.708831787109375,0.9075868725776672,93.71407318115234,21.708660125732422,0.9270024299621582,128.51364135742188,26.19906234741211,0.8545975685119629,91.43805694580078,24.95823097229004,0.4461367726325989,156.56610107421875,65.48896789550781,0.7827565670013428,108.29689025878906,66.61750793457031,0.7242681980133057,144.2346649169922,125.00105285644531,0.9153100848197937,100.44686889648438,114.91864013671875,0.6009736061096191,64.43191528320312,112.68885803222656,0.6351679563522339,54.41394805908203,109.240966796875,0.6362032890319824,151.9508819580078,157.6227569580078,0.5722219347953796,119.506103515625,150.87649536132812,0.5481254458427429,28.641504287719727,183.27218627929688,0.8100806474685669,21.92630386352539,176.70730590820312,0.631852924823761,70.494384765625,247.9343719482422,0.8675042390823364,38.45655822753906,247.9343719482422,0.6566630005836487
WL_4_0002.jpg,115.99286651611328,33.62176513671875,0.9442773461341858,120.69916534423828,26.56231689453125,0.9377170205116272,115.99286651611328,28.91546630859375,0.9221519827842712,141.8775177001953,26.56231689453125,0.940606415271759,141.8775177001953,26.56231689453125,0.6163153648376465,165.4090118408203,64.21271514892578,0.8223046064376831,141.8775177001953,61.85956573486328,0.7320573329925537,113.63971710205078,111.27571868896484,0.8776488900184631,108.93341064453125,106.56941223144531,0.6656255722045898,57.16411209106445,108.92256164550781,0.8991072177886963,54.81096267700195,106.56941223144531,0.7401988506317139,144.2306671142578,155.98556518554688,0.44790714979171753,125.40546417236328,146.57296752929688,0.4957137107849121,31.279462814331055,163.04501342773438,0.7955959439277649,33.63261413574219,160.69186401367188,0.7482750415802002,19.51371192932129,235.99266052246094,0.5093596577644348,57.16411209106445,231.28636169433594,0.7240135073661804
WL_4_0004.jpg,86.39520263671875,34.228858947753906,0.9000471830368042,90.89079284667969,27.4705810546875,0.882821798324585,85.26417541503906,28.596969604492188,0.8970786333084106,115.6537857055664,22.967588424682617,0.9313084483146667,114.53460693359375,24.100107192993164,0.602240264415741,149.42098999023438,57.86870193481445,0.8198585510253906,106.64993286132812,63.490699768066406,0.8483385443687439,132.5343780517578,111.884033203125,0.8533474802970886,76.36613464355469,101.77770233154297,0.8009809851646423,63.909915924072266,115.2649154663086,0.7640172243118286,37.98467254638672,109.63166046142578,0.7642922401428223,153.96661376953125,154.63787841796875,0.6051852703094482,122.38362121582031,151.28262329101562,0.6057255268096924,63.37139129638672,173.81275939941406,0.5535058975219727,51.49185562133789,165.9241485595703,0.5911217927932739,96.01253509521484,245.751220703125,0.6713186502456665,55.58852005004883,241.25965881347656,0.7087048292160034
WL_4_0005.jpg,97.78910064697266,39.356868743896484,0.9141716361045837,102.78663635253906,31.860567092895508,0.9143341779708862,97.78910064697266,31.860567092895508,0.8927718997001648,130.2730712890625,29.361799240112305,0.9145768880844116,130.2730712890625,31.860567092895508,0.6020907759666443,152.76197814941406,76.83837890625,0.8048391342163086,130.2730712890625,69.34207916259766,0.7241156697273254,135.27061462402344,134.31002807617188,0.804888129234314,115.28047180175781,126.81372833251953,0.8996248841285706,62.806358337402344,154.3001708984375,0.8290309309959412,60.30759048461914,136.8087921142578,0.8668019771575928,150.26321411132812,169.2927703857422,0.6214341521263123,130.2730712890625,161.7964630126953,0.582511305809021,22.826080322265625,204.2755126953125,0.5828293561935425,22.826080322265625,199.27798461914062,0.3700280487537384,125.27554321289062,241.75701904296875,0.6707226634025574,127.77430725097656,229.26318359375,0.3484412729740143
WL_4_0006.jpg,120.97531127929688,26.90994644165039,0.9594114422798157,126.18343353271484,21.703243255615234,0.9330010414123535,121.90043640136719,21.696224212646484,0.9068044424057007,146.10289001464844,24.764131546020508,0.9239574670791626,143.8770751953125,25.565929412841797,0.6834378242492676,159.92739868164062,64.244873046875,0.8236578106880188,143.0650177001953,62.44089126586914,0.7758685946464539,131.38494873046875,112.72259521484375,0.8231433629989624,116.62834167480469,105.32730102539062,0.7676311731338501,80.2259521484375,119.18289184570312,0.8373473882675171,76.79520416259766,115.74591827392578,0.7103395462036133,136.56155395507812,142.15309143066406,0.7014861702919006,123.9874496459961,137.8077392578125,0.659430205821991,42.53052520751953,162.08303833007812,0.8356583714485168,44.78416442871094,162.4920196533203,0.7138926386833191,16.052288055419922,241.78094482421875,0.7888920307159424,53.47085952758789,231.8026580810547,0.8678457140922546
WL_4_0007.jpg,109.6751480102539,34.4284553527832,0.9056253433227539,114.37381744384766,29.729778289794922,0.9261878132820129,109.6751480102539,29.729778289794922,0.914778470993042,137.86720275878906,27.380441665649414,0.9926614165306091,137.86720275878906,27.380441665649414,0.6487969160079956,159.01123046875,64.9698486328125,0.8233295679092407,137.86720275878906,62.620506286621094,0.6860480904579163,109.6751480102539,111.95659637451172,0.8663135766983032,104.97647094726562,104.90858459472656,0.6053172945976257,55.640377044677734,107.25792694091797,0.8735293745994568,55.640377044677734,104.90858459472656,0.6981209516525269,140.21653747558594,151.8953399658203,0.4546505808830261,123.77117156982422,142.49798583984375,0.4825008809566498,32.14699935913086,158.943359375,0.7975826263427734,34.496337890625,156.59400939941406,0.7555952072143555,18.050973892211914,231.7728271484375,0.4944224953651428,53.291038513183594,224.7248077392578,0.6994900107383728
WL_4_0008.jpg,85.27566528320312,39.96357727050781,0.9529807567596436,90.24385070800781,32.51130676269531,0.9705482721328735,85.27566528320312,32.51130676269531,0.977412223815918,115.0847396850586,32.51130676269531,0.8595413565635681,112.60065460205078,32.51130676269531,0.7134162187576294,147.37789916992188,67.28855895996094,0.8656823635101318,125.02110290527344,69.77265167236328,0.7493942975997925,125.02110290527344,129.39080810546875,0.9938141703605652,97.69611358642578,124.42262268066406,0.7241796255111694,43.046146392822266,119.4544448852539,0.47818517684936523,43.046146392822266,121.93853759765625,0.7867760062217712,149.86199951171875,174.1044158935547,0.6883679032325745,127.50518798828125,169.13623046875,0.6626158952713013,38.07796859741211,181.5566864013672,0.6633886694908142,35.593875885009766,179.07260131835938,0.6585343480110168,115.0847396850586,251.11119079589844,0.7021176815032959,107.63247680664062,246.1430206298828,0.5646511316299438
WL_4_0009.jpg,93.02033996582031,27.160463333129883,0.9010412096977234,100.15884399414062,20.937721252441406,0.8891150951385498,95.08346557617188,20.912601470947266,0.8476347923278809,124.82181549072266,25.996973037719727,0.9120603203773499,125.74940490722656,25.997682571411133,0.5986820459365845,154.57318115234375,61.98125076293945,0.7736797332763672,126.59648132324219,59.01716995239258,0.7524040937423706,122.75021362304688,114.2774658203125,0.8128269910812378,100.15716552734375,108.05326843261719,0.6707431077957153,62.066627502441406,113.10694885253906,0.7445023655891418,54.357086181640625,108.94319152832031,0.6637632250785828,139.43841552734375,160.06057739257812,0.5566329956054688,119.86697387695312,149.95684814453125,0.5439432859420776,26.20164680480957,169.78961181640625,0.7833176255226135,25.084056854248047,167.005126953125,0.6492053270339966,26.569456100463867,243.86892700195312,0.8463606834411621,21.98146629333496,239.2809295654297,0.7524187564849854
WL_4_0010.jpg,105.20175170898438,26.750003814697266,0.9412997961044312,112.70175170898438,21.750003814697266,0.9358056783676147,107.70175170898438,21.750003814697266,0.9424706697463989,130.20175170898438,26.750003814697266,0.8648186922073364,137.70175170898438,29.250003814697266,0.7055824995040894,132.70175170898438,69.25,0.8795272707939148,142.70175170898438,66.75,0.7014250159263611,107.70175170898438,119.25,0.9058913588523865,107.70175170898438,109.25,0.5727084279060364,67.70175170898438,106.75,0.9222002029418945,67.70175170898438,104.25,0.8542298078536987,130.20175170898438,154.25,0.6277645230293274,137.70175170898438,151.75,0.5458224415779114,52.701751708984375,174.25,0.8492038249969482,75.20175170898438,166.75,0.5259382128715515,47.701751708984375,241.75,0.6412861347198486,87.70175170898438,236.75,0.5676653981208801
WL_4_0011.jpg,76.02335357666016,42.06153869628906,0.9253389835357666,80.19264221191406,33.72296142578125,0.9478552937507629,76.02335357666016,35.8076057434082,0.9290790557861328,109.37767028808594,29.553672790527344,0.9703205227851868,109.37767028808594,31.638317108154297,0.518877387046814,142.7319793701172,73.33120727539062,0.6862473487854004,109.37767028808594,73.33120727539062,0.5732101798057556,103.12373352050781,140.03982543945312,0.8209033012390137,78.10800170898438,119.1933822631836,0.754631519317627,32.24582290649414,137.95518493652344,0.6772313117980957,30.161178588867188,131.7012481689453,0.5668060183525085,151.070556640625,179.6480712890625,0.5057772397994995,121.88553619384766,167.1402130126953,0.4726680815219879,42.669044494628906,204.66380310058594,0.6344918608665466,28.076534271240234,187.9866485595703,0.6147830486297607,136.47804260253906,227.5948944091797,0.015477506443858147,77.06568145751953,230.72186279296875,0.05053626000881195
