133.9448699951172,39.36339569091797,0.9185554385185242,135.3538818359375,31.017242431640625,0.9339193105697632,132.57119750976562,33.79998016357422,0.8927525281906128,150.64584350585938,25.451204299926758,0.8401879668235779,150.6018829345703,29.536361694335938,0.6190894246101379,171.51992797851562,49.098140716552734,0.8471896648406982,163.21717834472656,50.47388458251953,0.5948056578636169,163.18191528320312,92.23345184326172,0.8406479358673096,145.01658630371094,97.82037353515625,0.6720336675643921,113.09703063964844,92.23020935058594,0.7896925210952759,110.30380249023438,93.68045806884766,0.6744841933250427,164.47512817382812,136.85018920898438,0.6139219999313354,158.53622436523438,132.50421142578125,0.4532545506954193,61.628990173339844,149.26625061035156,0.5340445637702942,42.42261505126953,146.05990600585938,0.5826094746589661,78.30268859863281,213.2610626220703,0.5742756128311157,78.32601928710938,207.70875549316406,0.5487996339797974
87.19237518310547,38.15348434448242,0.7855096459388733,95.25128936767578,30.09457015991211,0.7201350331306458,87.19237518310547,32.78087615966797,0.742172360420227,122.11433410644531,30.09457015991211,0.7531859874725342,119.42802429199219,32.78087615966797,0.5107675790786743,154.34999084472656,65.01652526855469,0.7392736077308655,122.11433410644531,70.3891372680664,0.5719805955886841,124.8006362915039,116.05631256103516,0.7586489319801331,100.62389373779297,121.42892456054688,0.5740032196044922,52.270416259765625,113.37001037597656,0.8493428826332092,71.07454681396484,159.0371856689453,0.16738058626651764,170.46780395507812,175.15501403808594,0.43120086193084717,146.29107666015625,175.15501403808594,0.2892829179763794,22.721067428588867,193.95913696289062,0.5589514374732971,25.407371520996094,191.27284240722656,0.38025572896003723,124.8006362915039,212.76327514648438,0.195185586810112,127.4869384765625,204.70436096191406,0.20759190618991852
91.40586853027344,36.400917053222656,0.809044599533081,96.8343734741211,28.258161544799805,0.7880035638809204,91.40586853027344,30.972412109375,0.8008766174316406,121.26263427734375,25.543909072875977,0.7527594566345215,126.6911392211914,28.258161544799805,0.5539325475692749,151.11941528320312,58.114933013916016,0.7763216495513916,142.97665405273438,55.40068054199219,0.4205012917518616,121.26263427734375,101.54296112060547,0.6889154314994812,104.97712707519531,104.25721740722656,0.5437167286872864,50.69208908081055,98.8287124633789,0.7942574620246887,66.97760009765625,112.39997100830078,0.30845028162002563,170.11917114257812,155.8280029296875,0.46992912888526917,175.54766845703125,153.11375427246094,0.35850363969802856,18.12106704711914,166.6850128173828,0.5168730616569519,77.83460998535156,136.8282470703125,0.406283438205719,18.12106704711914,218.25579833984375,0.1680210828781128,115.83413696289062,182.97052001953125,0.18625696003437042
139.3490753173828,39.31405258178711,0.7823275923728943,144.01272583007812,32.318580627441406,0.7829523086547852,139.3490753173828,34.65040588378906,0.7484370470046997,162.6673126220703,27.654935836791992,0.7342255115509033,169.66278076171875,27.654935836791992,0.45958489179611206,183.6537322998047,53.30499267578125,0.8370579481124878,174.32643127441406,53.30499267578125,0.5510044097900391,162.6673126220703,97.6096420288086,0.8702610731124878,148.67637634277344,102.27328491210938,0.5370111465454102,109.0353775024414,92.94599151611328,0.6319952011108398,118.3626708984375,99.94146728515625,0.487295925617218,174.32643127441406,146.5779266357422,0.5126560926437378,174.32643127441406,141.91429138183594,0.3888067305088043,39.08066940307617,162.90069580078125,0.5077371001243591,71.7261962890625,153.5734100341797,0.38738447427749634,64.73072814941406,216.5326385498047,0.39680415391921997,69.39437866210938,211.86898803710938,0.4371689260005951
135.452392578125,25.719558715820312,0.8959949612617493,140.82974243164062,20.087125778198242,0.8320044279098511,135.46514892578125,21.1683349609375,0.8626285791397095,163.466796875,22.66431427001953,0.6961865425109863,173.68954467773438,24.324649810791016,0.4510040879249573,173.68191528320312,51.393775939941406,0.7624956965446472,170.91094970703125,53.548004150390625,0.5085497498512268,122.3230209350586,80.85305786132812,0.6499139070510864,149.38043212890625,95.47283935546875,0.37594056129455566,86.5124740600586,78.80435180664062,0.5982813835144043,118.94619750976562,95.434814453125,0.38835132122039795,175.4959716796875,137.46499633789062,0.3999389111995697,184.62374877929688,136.20547485351562,0.3415316343307495,80.25251770019531,146.1689910888672,0.5923688411712646,80.74049377441406,139.42462158203125,0.5487607717514038,65.71208953857422,210.2728271484375,0.4634942412376404,72.15283203125,208.12591552734375,0.4679604768753052
134.5996551513672,27.60489845275879,0.8819696307182312,142.32666015625,19.877891540527344,0.9070317149162292,134.5996551513672,22.45355987548828,0.8936941623687744,168.08335876464844,19.877891540527344,0.9276668429374695,165.5076904296875,22.45355987548828,0.5178234577178955,191.26437377929688,48.21025085449219,0.7980974912643433,157.78067016601562,63.664268493652344,0.7645154595375061,144.90232849121094,94.57229614257812,0.8993580341339111,129.4483184814453,104.8749771118164,0.7273224592208862,70.20791625976562,97.14796447753906,0.6656504273414612,70.20791625976562,99.7236328125,0.5053955316543579,175.81036376953125,148.66134643554688,0.6360840797424316,147.47799682617188,140.93434143066406,0.6404585838317871,36.724220275878906,156.38836669921875,0.4772384762763977,44.45122528076172,153.81268310546875,0.4908350706100464,52.1782341003418,218.2044219970703,0.3611465096473694,59.905242919921875,215.62875366210938,0.4538443982601166
130.4192657470703,25.387983322143555,0.8971745371818542,138.41421508789062,17.393028259277344,0.9035670161247253,130.4192657470703,20.058013916015625,0.8780726194381714,167.7290496826172,22.722999572753906,0.9843010902404785,162.39907836914062,22.722999572753906,0.4851560592651367,189.04893493652344,54.70281982421875,0.844588577747345,149.07415771484375,68.02774810791016,0.7585562467575073,143.7441864013672,102.67255401611328,0.9261493682861328,125.08929443359375,108.00252532958984,0.621613621711731,74.45458221435547,102.67255401611328,0.722240686416626,66.45962524414062,102.67255401611328,0.4868908226490021,175.72401428222656,153.30726623535156,0.6597631573677063,149.07415771484375,147.977294921875,0.5951827168464661,29.14983367919922,158.63723754882812,0.7846972346305847,45.13974380493164,161.30223083496094,0.6229114532470703,34.47980499267578,222.5968780517578,0.47376322746276855,50.4697151184082,217.26690673828125,0.4985067844390869
129.20269775390625,29.852014541625977,0.9432691335678101,133.96490478515625,22.708711624145508,0.9317156076431274,126.82159423828125,25.089813232421875,0.9382860660552979,162.53811645507812,22.708711624145508,0.9614639282226562,160.15701293945312,22.708711624145508,0.5455251932144165,183.968017578125,58.42522430419922,0.7900324463844299,155.39480590820312,67.94963073730469,0.7010083794593811,129.20269775390625,108.4283447265625,0.8985697031021118,122.05939483642578,113.19054412841797,0.5995191335678101,64.91297912597656,106.0472412109375,0.8174663782119751,62.53187561035156,108.4283447265625,0.496046781539917,179.205810546875,156.05035400390625,0.5776768326759338,157.77590942382812,151.2881622314453,0.5401855111122131,43.483070373535156,170.3369598388672,0.8377301096916199,53.00747299194336,165.57476806640625,0.4260162115097046,55.388572692871094,220.34007263183594,0.2578064799308777,64.91297912597656,217.958984375,0.3980786204338074
122.19605255126953,31.189348220825195,0.9198857545852661,127.3125991821289,23.51453399658203,0.9510024189949036,122.19605255126953,26.072805404663086,0.8939086198806763,155.45358276367188,23.51453399658203,0.9048784971237183,155.45358276367188,23.51453399658203,0.538648247718811,188.7111053466797,54.21379089355469,0.8164930939674377,150.3370361328125,67.0051498413086,0.7294126749038696,134.98741149902344,97.70439910888672,0.8910524845123291,111.96296691894531,105.37921905517578,0.5844951868057251,53.12272644042969,97.70439910888672,0.6389403343200684,63.355812072753906,110.49575805664062,0.44842806458473206,163.12840270996094,148.8698272705078,0.5053585171699524,137.54568481445312,143.75328063964844,0.6260864734649658,22.42346954345703,164.21945190429688,0.7429579496383667,42.88964080810547,174.45254516601562,0.6007770299911499,5.794704437255859,224.33883666992188,0.32141363620758057,40.33136749267578,217.9431610107422,0.4217665195465088
120.140869140625,43.047035217285156,0.7924610376358032,123.99594116210938,34.34019088745117,0.8202588558197021,119.001220703125,34.40378189086914,0.8171824216842651,151.40255737304688,28.30097198486328,0.7386091947555542,148.8431854248047,32.0886116027832,0.519690990447998,186.45440673828125,55.76654815673828,0.7240820527076721,160.9397430419922,62.222259521484375,0.3302621841430664,130.22930908203125,99.49842834472656,0.7869265079498291,120.61398315429688,116.25001525878906,0.4412960708141327,57.798736572265625,85.49325561523438,0.7227693796157837,66.3291015625,92.05992126464844,0.32156041264533997,154.02207946777344,170.80856323242188,0.3767876625061035,143.72000122070312,165.76626586914062,0.32214534282684326,38.05145263671875,142.50027465820312,0.4123876094818115,42.58308029174805,144.5830841064453,0.38712412118911743,26.607467651367188,198.56298828125,0.3661680817604065,29.763694763183594,194.992431640625,0.5206937193870544
136.0109405517578,40.94231033325195,0.8543196320533752,138.67922973632812,32.93745040893555,0.8392947912216187,136.0109405517578,35.605735778808594,0.8237566947937012,162.69381713867188,30.269161224365234,0.8235848546028137,162.69381713867188,30.269161224365234,0.5531966090202332,184.0401153564453,59.620323181152344,0.7746464610099792,178.7035369873047,54.283748626708984,0.5833398699760437,141.34751892089844,96.9763412475586,0.7233921885490417,141.34751892089844,91.6397705078125,0.4160904288291931,77.30862426757812,94.30805969238281,0.7382779717445374,144.01580810546875,78.29833221435547,0.36203399300575256,170.6986846923828,145.00550842285156,0.5971578359603882,162.69381713867188,137.0006561279297,0.4632260203361511,61.29890441894531,153.0103759765625,0.6469112038612366,66.6354751586914,147.67379760742188,0.7387244701385498,71.97205352783203,217.0492706298828,0.6271050572395325,71.97205352783203,214.3809814453125,0.6227332949638367
133.39175415039062,38.42008972167969,0.9523413777351379,136.88124084472656,28.9858455657959,0.9373107552528381,132.40994262695312,32.45946502685547,0.9014711380004883,164.12799072265625,29.979990005493164,0.9619030356407166,165.62835693359375,31.494951248168945,0.6763111352920532,182.49765014648438,71.51463317871094,0.7947278022766113,170.08876037597656,71.58570861816406,0.6309734582901001,144.30313110351562,130.54046630859375,0.8967440128326416,137.5328369140625,125.62522888183594,0.5066783428192139,68.49642181396484,128.04583740234375,0.6216057538986206,65.23438262939453,125.55088806152344,0.5464518666267395,177.50965881347656,178.8731689453125,0.6701334714889526,162.17405700683594,170.42300415039062,0.5194860696792603,54.68474578857422,190.89549255371094,0.774010419845581,58.71355438232422,181.5187530517578,0.49191737174987793,55.53010177612305,226.76303100585938,0.1093447357416153,64.24628448486328,218.04685974121094,0.12258471548557281
120.43286895751953,30.789859771728516,0.8820630311965942,127.49462127685547,23.728107452392578,0.8592976927757263,120.43286895751953,26.0820255279541,0.8517377376556396,155.7416229248047,26.0820255279541,0.8860833644866943,153.38771057128906,26.0820255279541,0.6533790826797485,179.28079223632812,56.68294906616211,0.7727261781692505,155.7416229248047,61.39078140258789,0.6810966730117798,132.20245361328125,99.05345916748047,0.8325846791267395,120.43286895751953,96.69953918457031,0.778736412525177,66.29277801513672,99.05345916748047,0.6540624499320984,68.64669036865234,99.05345916748047,0.608412504196167,188.69647216796875,141.42396545410156,0.4944446086883545,167.51121520996094,136.71612548828125,0.48648136854171753,56.877105712890625,162.60922241210938,0.8688965439796448,63.93885803222656,153.19354248046875,0.6630333065986633,85.12411499023438,219.1032257080078,0.5557550191879272,94.53977966308594,214.39540100097656,0.7290482521057129
126.61322784423828,41.266990661621094,0.8259524703025818,128.87135314941406,33.59049987792969,0.879565954208374,124.37152099609375,33.55282974243164,0.8237367868423462,152.01895141601562,27.79937744140625,0.7963670492172241,149.76670837402344,27.806541442871094,0.5607181787490845,183.855712890625,54.478370666503906,0.7886743545532227,161.50311279296875,59.091278076171875,0.5326194763183594,147.492919921875,99.8595962524414,0.8467764258384705,131.2611846923828,97.28681182861328,0.5571157336235046,83.55128479003906,90.80830383300781,0.6745675206184387,73.87185668945312,88.05056762695312,0.7281691431999207,178.7137908935547,162.47845458984375,0.3731537163257599,160.502197265625,154.5653076171875,0.37098634243011475,68.76323699951172,166.1138916015625,0.5238785147666931,56.196571350097656,153.7016143798828,0.7170982956886292,48.62145233154297,221.87771606445312,0.6305580139160156,23.371047973632812,216.82762145996094,0.6180921792984009
125.50167083740234,29.73011589050293,0.8695968985557556,131.8702392578125,23.361549377441406,0.8841937184333801,125.50167083740234,23.361549377441406,0.8226221799850464,157.34449768066406,25.484405517578125,0.8850910663604736,159.4673614501953,25.484405517578125,0.7003941535949707,163.7130584716797,61.572940826416016,0.6935938596725464,197.67874145507812,57.327232360839844,0.6002222895622253,133.9930877685547,104.03004455566406,0.8381524085998535,127.62452697753906,97.6614761352539,0.5571726560592651,70.30743408203125,101.90718841552734,0.8256118297576904,74.55314636230469,101.90718841552734,0.37491273880004883,180.69590759277344,146.48715209960938,0.5110272169113159,195.55589294433594,142.24143981933594,0.37005090713500977,55.44744873046875,152.855712890625,0.7730553150177002,63.93886947631836,150.73284912109375,0.5944218635559082,57.57030487060547,218.66421508789062,0.63460373878479,68.18457794189453,212.295654296875,0.7163701057434082
129.0921630859375,26.509790420532227,0.8491358160972595,134.24021911621094,21.361726760864258,0.8970437049865723,129.0921630859375,21.361726760864258,0.8515162467956543,157.40650939941406,21.361726760864258,0.9561939835548401,159.9805450439453,21.361726760864258,0.7096978425979614,177.99876403808594,49.67607879638672,0.7062220573425293,165.12860107421875,52.25011444091797,0.6120786666870117,129.0921630859375,88.28656005859375,0.8662793040275574,118.79602813720703,83.13849639892578,0.7796007990837097,67.31538391113281,90.860595703125,0.5491014122962952,62.167320251464844,90.860595703125,0.6852322816848755,188.29489135742188,121.74897766113281,0.5725812315940857,167.70263671875,119.1749496459961,0.5164855718612671,57.019256591796875,147.4893035888672,0.8228238821029663,85.33361053466797,132.04510498046875,0.5351020097732544,72.46344757080078,214.4141387939453,0.8497199416160583,82.75957489013672,198.96994018554688,0.6642965078353882
119.42192077636719,33.728485107421875,0.8055346012115479,120.37374114990234,27.961978912353516,0.820861279964447,117.01799774169922,27.961837768554688,0.7999904751777649,138.16629028320312,23.178125381469727,0.7759329080581665,136.76068115234375,20.019630432128906,0.4315430819988251,176.77664184570312,50.74228286743164,0.8191990852355957,158.38479614257812,50.98161315917969,0.4862044155597687,137.1705780029297,94.18496704101562,0.8410383462905884,131.47581481933594,89.5484619140625,0.5798822641372681,79.56695556640625,82.68354034423828,0.7861663103103638,85.38542938232422,80.65009307861328,0.5155812501907349,174.0540771484375,129.69667053222656,0.519402265548706,154.411865234375,119.51344299316406,0.4301820397377014,63.67851257324219,139.73818969726562,0.6248239874839783,70.46156311035156,134.57553100585938,0.4736400842666626,54.783870697021484,205.37060546875,0.5143323540687561,71.40084075927734,195.05430603027344,0.7459559440612793
129.6975555419922,39.6239013671875,0.745266318321228,132.6863555908203,32.43934631347656,0.7274667620658875,129.68272399902344,33.3278923034668,0.7191706299781799,152.4976348876953,28.202943801879883,0.6861599683761597,156.80857849121094,28.716163635253906,0.4972681701183319,184.61630249023438,51.02196502685547,0.7313214540481567,170.16685485839844,53.20632553100586,0.4641988277435303,144.3038330078125,93.63844299316406,0.7682082653045654,135.47665405273438,94.28172302246094,0.33709612488746643,83.84310913085938,83.20492553710938,0.618057131767273,90.08899688720703,85.10421752929688,0.20947480201721191,167.9404754638672,131.1295623779297,0.4851292669773102,165.71409606933594,124.45043182373047,0.450313538312912,72.41896057128906,138.4888153076172,0.6931574940681458,80.90484619140625,141.2899932861328,0.5489023923873901,65.58605194091797,202.37606811523438,0.47953855991363525,76.36763000488281,195.8997802734375,0.5935491323471069
138.1982879638672,36.75231170654297,0.8179062604904175,143.18975830078125,29.265092849731445,0.8319528102874756,138.1982879638672,31.760831832885742,0.8034027814865112,160.65994262695312,26.769351959228516,0.7751772403717041,160.65994262695312,26.769351959228516,0.4910222887992859,180.62586975097656,59.21397399902344,0.788780689239502,168.1471710205078,54.222496032714844,0.594036877155304,140.69403076171875,96.65007781982422,0.7492653131484985,130.7110595703125,86.6671142578125,0.6291270852088928,80.79625701904297,86.6671142578125,0.6649032831192017,80.79625701904297,86.6671142578125,0.5614233016967773,185.6173553466797,124.10322570800781,0.5098474621772766,160.65994262695312,119.11174011230469,0.49179643392562866,60.83033752441406,139.07766723632812,0.723602294921875,60.83033752441406,131.59043884277344,0.6477893590927124,50.847373962402344,208.95838928222656,0.7493268251419067,50.847373962402344,203.96690368652344,0.5113680362701416
117.60395812988281,11.685245513916016,0.9337527751922607,125.2719955444336,4.017208099365234,0.9290395975112915,117.60395812988281,4.017208099365234,0.8889044523239136,155.9441375732422,4.017208099365234,0.9628303050994873,155.9441375732422,6.573220729827881,0.7328107357025146,178.94825744628906,42.35739517211914,0.6907736659049988,184.06028747558594,39.80138397216797,0.3606462776660919,132.94003295898438,101.14568328857422,0.9320953488349915,122.71598052978516,93.47764587402344,0.4936547875404358,69.03971862792969,98.58967590332031,0.7141279578208923,66.48370361328125,98.58967590332031,0.5806782245635986,168.72421264648438,147.15391540527344,0.5692824125289917,155.9441375732422,139.48587036132812,0.44570106267929077,61.371681213378906,165.04600524902344,0.3082484304904938,74.15174865722656,147.15391540527344,0.4365918040275574,51.14763259887695,223.83428955078125,0.2168562412261963,56.25965881347656,218.72225952148438,0.23845893144607544
127.43338775634766,34.08667755126953,0.8828050494194031,134.17372131347656,27.34634780883789,0.8450725078582764,127.43338775634766,27.34634780883789,0.8325613737106323,156.6414794921875,29.593124389648438,0.7689307332038879,154.3946990966797,27.34634780883789,0.41764676570892334,179.10923767089844,63.29476547241211,0.7661226987838745,154.3946990966797,61.04798889160156,0.5019106864929199,143.16082763671875,105.98350524902344,0.822073757648468,125.18661499023438,94.74962615966797,0.4077747166156769,64.52366638183594,92.50285339355469,0.6672288179397583,55.53656005859375,92.50285339355469,0.20622992515563965,163.38180541992188,146.42547607421875,0.5193678736686707,138.66726684570312,137.43836975097656,0.49263209104537964,57.7833366394043,162.1529083251953,0.4465530514717102,33.06879806518555,155.41258239746094,0.6299713850021362,53.2897834777832,222.81585693359375,0.2114807665348053,19.588144302368164,216.07553100585938,0.42851874232292175
126.75041198730469,39.739322662353516,0.8295561075210571,129.40756225585938,31.76787567138672,0.8450580835342407,124.09326171875,31.76787567138672,0.7914620637893677,150.6647491455078,29.110727310180664,0.8319563269615173,177.23623657226562,23.796430587768555,0.48714619874954224,163.9504852294922,58.33936309814453,0.8041524291038513,187.86483764648438,50.367916107177734,0.6117182374000549,121.43611145019531,98.19659423828125,0.8092828989028931,132.06471252441406,84.91085052490234,0.45012521743774414,70.95028686523438,87.56800079345703,0.8428350687026978,81.5788803100586,87.56800079345703,0.47508737444877625,169.26478576660156,132.73953247070312,0.614518940448761,190.52197265625,124.76808166503906,0.45218223333358765,52.35024642944336,138.0538330078125,0.6770476698875427,73.60743713378906,132.73953247070312,0.526496410369873,62.978843688964844,204.4825439453125,0.6775428056716919,76.26458740234375,196.51109313964844,0.7455857992172241
149.68539428710938,26.84618377685547,0.8514683246612549,156.35031127929688,22.070934295654297,0.8900191783905029,147.43316650390625,22.063098907470703,0.8687427043914795,183.7447967529297,24.64892578125,0.9217203855514526,146.4523468017578,24.852848052978516,0.36493295431137085,200.4176025390625,55.61270523071289,0.8108851909637451,157.88778686523438,54.648494720458984,0.6639943718910217,167.2435302734375,95.50899505615234,0.6935926675796509,132.73008728027344,85.43142700195312,0.4618515968322754,107.52626037597656,93.72197723388672,0.41069453954696655,64.65332794189453,93.72197723388672,0.2511008083820343,176.59930419921875,136.5948944091797,0.6596671938896179,145.63552856445312,127.06758117675781,0.6763260960578918,71.79882049560547,146.12222290039062,0.7323331832885742,62.27150344848633,134.21307373046875,0.5025234818458557,55.126014709472656,217.5771026611328,0.7315729856491089,38.453208923339844,196.140625,0.6603952646255493
153.4413299560547,24.981807708740234,0.922842264175415,159.34017944335938,18.900150299072266,0.9259138107299805,152.15817260742188,20.196815490722656,0.9066909551620483,184.46334838867188,21.29267120361328,0.9303768873214722,152.18246459960938,21.668060302734375,0.4803315997123718,202.37954711914062,53.606292724609375,0.8265423774719238,161.572265625,54.71518325805664,0.7872660160064697,173.584716796875,96.6226806640625,0.8473719954490662,119.4244155883789,79.39364624023438,0.6494492888450623,99.09244537353516,92.10112762451172,0.7034701108932495,75.66108703613281,86.81327819824219,0.6366167664527893,183.17044067382812,133.54571533203125,0.6997336149215698,153.2916259765625,126.40847778320312,0.7151315808296204,85.13352966308594,141.88514709472656,0.6965660452842712,70.43694305419922,127.41822052001953,0.5953999161720276,62.98735046386719,213.7845458984375,0.7227883338928223,44.304195404052734,187.65785217285156,0.6330355405807495
131.47406005859375,29.07990264892578,0.9060563445091248,136.04116821289062,22.232711791992188,0.8976179957389832,129.19879150390625,23.39623260498047,0.8950709104537964,158.68972778320312,22.233003616333008,0.9389000535011292,159.6773681640625,22.230392456054688,0.7150552868843079,170.12815856933594,55.03790283203125,0.729000449180603,191.37306213378906,51.72845458984375,0.5187671184539795,132.51348876953125,95.97824096679688,0.8480582237243652,130.35552978515625,93.70411682128906,0.5559981465339661,76.83551788330078,97.22787475585938,0.7940624952316284,79.19036102294922,93.73405456542969,0.4768953025341034,180.39889526367188,138.86363220214844,0.5566079020500183,184.51730346679688,134.70718383789062,0.36510026454925537,46.36597442626953,145.87741088867188,0.7945232391357422,71.43599700927734,134.41412353515625,0.4409366548061371,44.05007553100586,213.82827758789062,0.6687754392623901,66.67098236083984,191.3247833251953,0.7136346101760864
133.35418701171875,31.592613220214844,0.9048072099685669,139.8832244873047,24.971630096435547,0.9261415004730225,132.39166259765625,25.905956268310547,0.8818470239639282,165.9566650390625,25.908077239990234,0.9071224927902222,165.9761962890625,27.46783447265625,0.5922926068305969,187.28366088867188,58.549781799316406,0.7958565354347229,157.54293823242188,63.52259063720703,0.6809106469154358,148.04798889160156,102.76387023925781,0.8548414707183838,130.05517578125,106.41705322265625,0.5005553364753723,82.07585906982422,101.18754577636719,0.701651930809021,126.63280487060547,129.99008178710938,0.33601540327072144,173.26266479492188,138.5845184326172,0.6399573087692261,153.37905883789062,131.96571350097656,0.5549430251121521,57.02069091796875,147.6795654296875,0.7924351096153259,53.60751724243164,139.5955810546875,0.6286110281944275,54.118350982666016,216.2813720703125,0.6857195496559143,42.0639533996582,210.8109130859375,0.6662077307701111
130.23207092285156,28.832202911376953,0.8584255576133728,136.43898010253906,22.625289916992188,0.8689711689949036,130.23207092285156,24.69426155090332,0.8574367761611938,163.33560180664062,22.625289916992188,0.902072548866272,163.33560180664062,24.69426155090332,0.3803691565990448,186.0942840576172,51.59088134765625,0.6977199912071228,150.92176818847656,57.797794342041016,0.7600725889205933,148.85279846191406,92.97029876708984,0.8680291771888733,113.68030548095703,78.48750305175781,0.7388855814933777,90.92162322998047,88.83235168457031,0.5410488247871399,76.43882751464844,86.76338195800781,0.6833381652832031,192.3011932373047,121.9358901977539,0.4598095417022705,159.19766235351562,117.79794311523438,0.5698046088218689,74.36985778808594,148.83250427246094,0.8857069611549377,59.88706588745117,136.41868591308594,0.8370780944824219,92.99059295654297,212.97059631347656,0.8538650274276733,72.30088806152344,196.41883850097656,0.5758482217788696
128.42434692382812,29.317371368408203,0.8982424139976501,132.59884643554688,23.040781021118164,0.9099433422088623,128.4485626220703,25.123531341552734,0.8797914981842041,155.82176208496094,22.17405128479004,0.9508223533630371,157.94720458984375,22.179393768310547,0.7201477885246277,169.69869995117188,50.83940505981445,0.7667628526687622,163.66070556640625,50.31864929199219,0.5424866676330566,127.17950439453125,89.1287841796875,0.9001327753067017,125.1316909790039,86.15249633789062,0.6944002509117126,67.60105895996094,89.08522033691406,0.8072651624679565,70.0697250366211,89.08522033691406,0.5243906378746033,179.12606811523438,125.79651641845703,0.6025974750518799,168.52972412109375,120.83390808105469,0.47339630126953125,52.7890739440918,148.33316040039062,0.7954934239387512,77.47571563720703,135.98983764648438,0.5139226317405701,50.320411682128906,210.0497589111328,0.7824078798294067,62.66373062133789,200.17510986328125,0.581838846206665
128.9447479248047,38.38693618774414,0.8167123198509216,131.47360229492188,30.800369262695312,0.8749129772186279,126.41588592529297,30.800369262695312,0.8294947147369385,151.70443725585938,25.742656707763672,0.8247451186180115,149.1755828857422,25.742656707763672,0.562615156173706,179.5218505859375,51.03121566772461,0.7864819765090942,166.87757873535156,51.03121566772461,0.5897421836853027,141.58901977539062,91.49290466308594,0.8652507662773132,128.9447479248047,88.96405029296875,0.692514181137085,83.42533874511719,86.43519592285156,0.7820789813995361,78.36762237548828,83.90634155273438,0.5996596217155457,171.93528747558594,131.95460510253906,0.5224259495735168,156.7621612548828,124.36803436279297,0.4881018400192261,63.19449234008789,149.65658569335938,0.7413633465766907,60.66563415527344,134.48345947265625,0.627626895904541,70.78105926513672,207.82028198242188,0.6767479777336121,68.25220489501953,202.76255798339844,0.5749174952507019
121.94515228271484,31.836807250976562,0.7233754992485046,128.61463928222656,25.16731071472168,0.737331211566925,121.94515228271484,25.16731071472168,0.6975364685058594,153.06947326660156,29.6136417388916,0.7582577466964722,148.62313842773438,29.6136417388916,0.48235100507736206,193.08644104003906,47.39896774291992,0.7018525004386902,137.50730895996094,56.291629791259766,0.6297079920768738,166.40846252441406,87.41594696044922,0.7186821103096008,104.15982818603516,71.85379028320312,0.5789032578468323,97.49032592773438,82.96961212158203,0.46400055289268494,68.58917999267578,74.07695007324219,0.7032240629196167,173.0779571533203,122.9865951538086,0.3637222349643707,139.73046875,114.09393310546875,0.4986388087272644,84.15133666992188,142.99508666992188,0.698555052280426,50.80385208129883,134.1024169921875,0.6013714671134949,81.92816925048828,203.0205535888672,0.6340192556381226,55.25018310546875,200.79739379882812,0.6123090386390686
119.33692932128906,43.60834884643555,0.8428381085395813,124.44692993164062,33.38834762573242,0.8776302933692932,119.33692932128906,33.38834762573242,0.8626692891120911,147.4419403076172,28.278348922729492,0.7398124933242798,139.7769317626953,28.278348922729492,0.4856570363044739,175.54693603515625,53.82835006713867,0.7475011348724365,155.10693359375,56.38335037231445,0.5403600931167603,129.5569305419922,102.37335205078125,0.8181343078613281,116.78193664550781,97.26335144042969,0.496547132730484,65.68193054199219,92.15335083007812,0.625000536441803,70.79193115234375,94.7083511352539,0.435065895318985,165.32693481445312,143.25335693359375,0.3794523775577545,160.21693420410156,135.58836364746094,0.42103514075279236,55.4619255065918,156.0283660888672,0.6480194330215454,60.57192611694336,145.80836486816406,0.45037126541137695,52.906925201416016,214.79336547851562,0.5738591551780701,68.23692321777344,209.68336486816406,0.5933151841163635
90.125,20.13043212890625,0.868903636932373,87.20833587646484,14.297099113464355,0.8403078317642212,81.375,17.21376609802246,0.9013141989707947,66.79166412353516,20.13043212890625,0.7097907662391663,63.875,20.13043212890625,0.9306269884109497,43.45833206176758,55.13043212890625,0.6814874410629272,58.04166793823242,58.04710006713867,0.7476804256439209,78.45833587646484,101.7970962524414,0.5441051721572876,75.54166412353516,98.88043212890625,0.7935513257980347,133.875,95.9637680053711,0.4913123548030853,133.875,90.13043212890625,0.8257403373718262,63.875,136.79710388183594,0.5128362774848938,66.79166412353516,142.63043212890625,0.6721914410591125,151.375,142.63043212890625,0.5963672995567322,168.875,142.63043212890625,0.912131130695343,171.7916717529297,198.04710388183594,0.7283573150634766,174.7083282470703,200.96376037597656,0.7413529753684998
87.79864501953125,25.707372665405273,0.9332857131958008,85.281005859375,20.67211151123047,0.8410701155662537,82.76338195800781,20.67211151123047,0.9200854897499084,62.6223258972168,25.707372665405273,0.7307024598121643,62.6223258972168,25.707372665405273,0.9727558493614197,37.44601058959961,55.918949127197266,0.7810959219932556,60.10469436645508,63.47184371948242,0.7725356817245483,92.83390808105469,83.61289978027344,0.3193758726119995,115.49258422851562,91.1657943725586,0.8668984174728394,143.18653869628906,93.68342590332031,0.5603561997413635,153.25706481933594,88.64816284179688,0.7479053139686584,47.516536712646484,136.483154296875,0.5106130838394165,72.69285583496094,141.51841735839844,0.6142913699150085,140.6688995361328,141.51841735839844,0.5972906351089478,168.36285400390625,141.51841735839844,0.9642950296401978,158.29232788085938,191.8710479736328,0.6559114456176758,170.88047790527344,196.90631103515625,0.7745254635810852
87.20833587646484,20.7645263671875,0.8912472724914551,84.29166412353516,14.931193351745605,0.8589117527008057,78.45833587646484,14.931193351745605,0.8900056481361389,60.95833206176758,20.7645263671875,0.6822524666786194,60.95833206176758,23.68119239807129,0.9442785978317261,37.625,55.7645263671875,0.7520965933799744,58.04166793823242,58.68119430541992,0.821410059928894,75.54166412353516,108.2645263671875,0.44142043590545654,75.54166412353516,102.43119049072266,0.8578236699104309,145.5416717529297,93.68119049072266,0.4244857728481293,157.2083282470703,90.7645263671875,0.7461750507354736,58.04166793823242,140.3478546142578,0.5272657871246338,66.79166412353516,146.1811981201172,0.6657626628875732,148.4583282470703,137.4311981201172,0.5695468783378601,168.875,143.2645263671875,0.8924177885055542,165.9583282470703,198.6811981201172,0.6662493944168091,171.7916717529297,204.5145263671875,0.8041295409202576
84.27081298828125,18.93857192993164,0.9308380484580994,81.41000366210938,13.216951370239258,0.8944374918937683,75.68838500976562,13.216951370239258,0.9087587594985962,55.66271209716797,18.93857192993164,0.7374046444892883,55.66271209716797,18.93857192993164,0.9725509285926819,32.77622604370117,50.40748977661133,0.6906940937042236,47.08027648925781,53.2682991027832,0.7312449812889099,72.82757568359375,101.9020767211914,0.3574914038181305,112.87892150878906,81.87640380859375,0.8560752272605896,81.41000366210938,107.62370300292969,0.3523756265640259,170.0951385498047,79.01559448242188,0.7048484086990356,41.35865783691406,124.78856658935547,0.5522627234458923,38.49784851074219,127.64937591552734,0.6041706800460815,144.34783935546875,130.51019287109375,0.7117172479629517,147.20864868164062,136.2318115234375,0.9103133678436279,147.20864868164062,196.30882263183594,0.7509436011314392,152.93026733398438,207.7520751953125,0.8628069758415222
90.9036865234375,22.759479522705078,0.89777010679245,88.15755462646484,17.26721954345703,0.857535719871521,82.66529846191406,14.521089553833008,0.9061872959136963,60.69625473022461,20.013349533081055,0.6399059891700745,60.69625473022461,20.013349533081055,0.9811408519744873,41.47334289550781,52.96691131591797,0.5650450587272644,44.2194709777832,47.47465133666992,0.7655567526817322,118.364990234375,85.92047882080078,0.3140498399734497,112.87272644042969,77.68208312988281,0.9149843454360962,165.04920959472656,80.42821502685547,0.44658520817756653,173.28759765625,77.68208312988281,0.6697158217430115,41.47334289550781,124.36630249023438,0.4930269122123718,35.9810791015625,121.62017059326172,0.5702625513076782,159.55694580078125,127.1124267578125,0.620006799697876,162.30307006835938,129.8585662841797,0.7748608589172363,148.57241821289062,193.01956176757812,0.6370186805725098,151.3185577392578,198.51181030273438,0.8559043407440186
143.36793518066406,31.19465446472168,0.9123361110687256,145.88206481933594,26.1663875579834,0.9203377962112427,143.36793518066406,26.1663875579834,0.7931445837020874,165.99513244628906,28.68052101135254,0.9528138637542725,183.5940704345703,31.19465446472168,0.5570830702781677,153.42446899414062,68.90665435791016,0.7964808344841003,208.73541259765625,66.39252471923828,0.8575617074966431,103.14179992675781,101.59039306640625,0.8047600984573364,148.39620971679688,81.47732543945312,0.29608380794525146,60.40153503417969,96.56212615966797,0.9206191897392273,95.59940338134766,91.53385925292969,0.3568821847438812,148.39620971679688,141.8165283203125,0.6454036235809326,191.136474609375,141.8165283203125,0.6917233467102051,55.373268127441406,151.87306213378906,0.9080266952514648,118.22660064697266,119.18932342529297,0.7420132756233215,62.91566467285156,207.18399047851562,0.8513753414154053,110.6842041015625,187.0709228515625,0.848609447479248
131.99404907226562,33.94206237792969,0.8662060499191284,137.1075897216797,28.828523635864258,0.853063702583313,131.99404907226562,28.828523635864258,0.8038450479507446,160.11849975585938,28.828523635864258,0.9600327610969543,178.01588439941406,31.385292053222656,0.5351775288581848,149.8914337158203,67.18006134033203,0.7784510850906372,203.58358764648438,67.18006134033203,0.8288154602050781,101.31281280517578,100.41806030273438,0.5945793390274048,129.43727111816406,82.52067565917969,0.32837945222854614,50.17742919921875,97.86128997802734,0.6833339333534241,83.4154281616211,92.74775695800781,0.38895881175994873,149.8914337158203,141.3263702392578,0.6266038417816162,190.79974365234375,143.8831329345703,0.6691114902496338,47.62065887451172,151.55345153808594,0.9257420301437378,108.98312377929688,115.75867462158203,0.6399716138839722,57.84773635864258,205.24560546875,0.8597999811172485,103.86958312988281,182.23468017578125,0.8055043816566467
129.82821655273438,35.25518035888672,0.9152988195419312,135.72811889648438,28.267202377319336,0.9043998718261719,129.81781005859375,29.290931701660156,0.8814629316329956,163.17098999023438,28.27423095703125,0.940325140953064,164.75315856933594,28.278648376464844,0.5721466541290283,167.38336181640625,64.94269561767578,0.7909840941429138,193.203125,59.31943130493164,0.6141858696937561,123.14358520507812,100.6415786743164,0.8067671060562134,126.45050048828125,96.01805114746094,0.6111547350883484,63.388824462890625,100.64248657226562,0.8448588848114014,69.77499389648438,100.64574432373047,0.4688212275505066,168.54930114746094,141.92901611328125,0.49123823642730713,193.41012573242188,138.89881896972656,0.46072834730148315,49.459022521972656,157.96630859375,0.8667550086975098,90.48257446289062,132.64901733398438,0.5141887068748474,64.9642105102539,215.70285034179688,0.8547489643096924,89.34269714355469,192.7333526611328,0.6369184851646423
149.63162231445312,27.135448455810547,0.9214030504226685,160.5474853515625,21.67751693725586,0.9010133743286133,152.360595703125,21.67751693725586,0.8785790205001831,187.83714294433594,29.86441421508789,0.9403672814369202,182.37921142578125,27.135448455810547,0.5411421060562134,190.5661163330078,65.34097290039062,0.8265325427055359,160.5474853515625,62.612003326416016,0.7780621647834778,138.71575927734375,100.81752014160156,0.789213240146637,119.61300659179688,87.17269897460938,0.7704551815986633,67.76264953613281,98.08856201171875,0.6648910045623779,62.30472183227539,95.35958862304688,0.5794180035591125,166.0054168701172,136.29408264160156,0.5776565670967102,149.63162231445312,122.64924621582031,0.6226182579994202,65.03369140625,155.39683532714844,0.8423572778701782,59.57575607299805,147.20994567871094,0.8072812557220459,70.49162292480469,218.16305541992188,0.9044762849807739,67.76264953613281,209.9761505126953,0.5788053870201111
105.28343200683594,35.40734100341797,0.7525148391723633,110.66534423828125,28.23299789428711,0.7588111758232117,103.81364440917969,28.43122673034668,0.7388943433761597,131.67079162597656,25.20728302001953,0.8880431652069092,128.8748016357422,26.57320785522461,0.6771020889282227,155.41683959960938,57.315757751464844,0.7738060355186462,145.52401733398438,57.38343811035156,0.5461658239364624,92.45232391357422,104.86087799072266,0.8097220063209534,95.36083984375,89.41738891601562,0.6713739633560181,33.887794494628906,93.75028991699219,0.7372151613235474,35.144737243652344,85.26530456542969,0.7509077787399292,166.5780029296875,149.59190368652344,0.6719670295715332,166.59988403320312,144.00790405273438,0.4683379828929901,22.71615982055664,148.08987426757812,0.751572847366333,56.531097412109375,131.56211853027344,0.560332179069519,50.50709533691406,218.1409912109375,0.6662325859069824,71.52876281738281,204.17547607421875,0.7616235017776489
113.45833587646484,40.85935592651367,0.9130783081054688,119.29166412353516,35.02602005004883,0.9043432474136353,113.45833587646484,35.02602005004883,0.896411120891571,139.7083282470703,32.10935592651367,0.8896989822387695,136.7916717529297,35.02602005004883,0.7480965852737427,160.125,64.19268798828125,0.822593629360199,154.2916717529297,64.19268798828125,0.5978750586509705,95.95833587646484,107.94268798828125,0.8503352403640747,101.79166412353516,99.19268798828125,0.5766053199768066,52.20833206176758,102.1093521118164,0.7123165130615234,66.79166412353516,96.2760238647461,0.6486189961433411,168.875,157.52601623535156,0.7138269543647766,180.5416717529297,154.60935974121094,0.5016112327575684,34.70833206176758,151.69268798828125,0.6788741946220398,66.79166412353516,137.10935974121094,0.4713197946548462,49.29166793823242,218.77601623535156,0.6387200951576233,75.54166412353516,204.19268798828125,0.723434329032898
101.709228515625,31.326942443847656,0.8677265048027039,108.87779235839844,26.547901153564453,0.8777477145195007,104.09874725341797,26.547901153564453,0.8222410678863525,127.99395751953125,28.937421798706055,0.9106338620185852,127.99395751953125,31.326942443847656,0.6241589784622192,151.88917541503906,60.00119400024414,0.7530869245529175,139.94155883789062,62.390716552734375,0.5000894069671631,89.76162719726562,103.0125732421875,0.8516716957092285,92.1511459350586,95.84400939941406,0.4717598557472229,39.58168411254883,98.23353576660156,0.6745665669441223,41.9712028503418,91.06497192382812,0.6217243671417236,171.00534057617188,150.80299377441406,0.6125982999801636,175.7843780517578,150.80299377441406,0.37996557354927063,39.58168411254883,148.41346740722656,0.4579745829105377,80.20353698730469,141.24490356445312,0.48580390214920044,49.139766693115234,212.9305419921875,0.3105493187904358,65.86641693115234,205.76197814941406,0.4948451519012451
111.10924530029297,30.601728439331055,0.8148767948150635,117.75050354003906,23.960468292236328,0.8440924882888794,113.322998046875,26.174222946166992,0.8051213622093201,137.67428588867188,30.601728439331055,0.8817526698112488,139.88803100585938,30.601728439331055,0.6325094699859619,162.02557373046875,59.380516052246094,0.7263336777687073,159.8118133544922,59.380516052246094,0.4478932023048401,102.25423431396484,101.44182586669922,0.8751330375671387,102.25423431396484,92.5868148803711,0.5455023646354675,38.055397033691406,90.37306213378906,0.6307169795036316,49.12416076660156,88.15930938720703,0.5318070650100708,186.37684631347656,143.5031280517578,0.5400621294975281,168.6668243408203,141.2893829345703,0.37429705262184143,40.26914978027344,143.5031280517578,0.758671224117279,57.97917175292969,134.6481170654297,0.4438267648220062,60.192928314208984,207.70196533203125,0.6428982019424438,73.47544860839844,198.84695434570312,0.6572521328926086
101.58383178710938,32.456966400146484,0.7726771831512451,106.54528045654297,25.014795303344727,0.808874785900116,101.58383178710938,27.495519638061523,0.7282712459564209,126.39106750488281,29.976242065429688,0.8683581948280334,126.39106750488281,29.976242065429688,0.6523408889770508,148.7175750732422,59.74492263793945,0.745013415813446,156.1597442626953,57.26420211791992,0.5283133387565613,89.18021392822266,104.39794921875,0.8045485019683838,104.0645523071289,91.99433135986328,0.5697258710861206,37.08502197265625,89.51360321044922,0.6457448601722717,56.930809020996094,87.03288269042969,0.6175217032432556,168.5633544921875,141.60879516601562,0.6011180281639099,185.9284210205078,141.60879516601562,0.390859454870224,27.162128448486328,144.0895233154297,0.8535656332969666,66.85370635986328,131.68589782714844,0.6112596988677979,49.48863983154297,213.54977416992188,0.7580059766769409,71.81514739990234,201.1461639404297,0.7342473864555359
116.60388946533203,34.08904266357422,0.9147917032241821,124.51456451416016,26.17836570739746,0.9009802341461182,118.58155822753906,28.156034469604492,0.8527626991271973,158.1349334716797,26.17836570739746,0.9096329808235168,156.1572723388672,28.156034469604492,0.4530372619628906,181.86697387695312,59.79874038696289,0.6568368673324585,146.2689208984375,65.73175048828125,0.5350427031517029,134.4029083251953,107.2627944946289,0.6913574934005737,120.5592269897461,101.32978820800781,0.4071047306060791,73.09516906738281,105.28512573242188,0.6746718883514404,69.13983154296875,101.32978820800781,0.33418190479278564,181.86697387695312,146.81617736816406,0.30934855341911316,154.17959594726562,140.8831787109375,0.375013142824173,54.30731201171875,147.8050079345703,0.4701857566833496,54.30731201171875,139.8943328857422,0.2912694215774536,71.11750030517578,214.0569305419922,0.5608698725700378,73.09516906738281,210.10159301757812,0.30198895931243896
121.10620880126953,-46.935176849365234,0.15157060325145721,123.76941680908203,-49.598384857177734,0.2023295760154724,123.76941680908203,-49.598384857177734,0.152079775929451,134.4222412109375,-44.27197265625,0.21738529205322266,125.93006134033203,-37.52888107299805,0.17666393518447876,145.74771118164062,1.8865113258361816,0.7394328117370605,131.7689971923828,1.8017739057540894,0.6302599906921387,101.27507019042969,42.72368240356445,0.8971925377845764,98.44676971435547,37.304100036621094,0.675421416759491,41.354270935058594,37.608455657958984,0.8693448901176453,42.412269592285156,37.69069290161133,0.7792292237281799,157.28118896484375,84.75306701660156,0.7462354898452759,145.71343994140625,76.91996765136719,0.5129010677337646,59.26033020019531,97.36959838867188,0.772591233253479,64.00868225097656,78.31478118896484,0.5182203650474548,57.858238220214844,186.6334228515625,0.8144257068634033,55.235389709472656,170.23814392089844,0.5020985007286072
128.60263061523438,28.96485710144043,0.9344585537910461,130.86215209960938,22.1862735748291,0.9399347305297852,126.34310150146484,24.44580078125,0.9044666886329651,151.19790649414062,22.1862735748291,0.934617280960083,153.45742797851562,22.1862735748291,0.6500184535980225,167.0146026611328,47.04107666015625,0.7959606051445007,162.49554443359375,47.04107666015625,0.5536494255065918,133.12168884277344,96.75068664550781,0.8444490432739258,130.86215209960938,94.49115753173828,0.5567230582237244,65.33586120605469,101.26973724365234,0.7344450950622559,67.59539031982422,99.01021575927734,0.49108922481536865,189.60987854003906,119.34596252441406,0.5801694393157959,180.57176208496094,119.34596252441406,0.37673938274383545,76.63349914550781,132.9031219482422,0.7101684808731079,92.45018768310547,123.8650131225586,0.44038522243499756,56.29774856567383,198.42942810058594,0.7993599772453308,81.15254974365234,182.61273193359375,0.6784557104110718
90.81488800048828,40.580528259277344,0.909805953502655,95.80591583251953,33.0939826965332,0.9451550245285034,88.31937408447266,33.0939826965332,0.9345548152923584,125.7520980834961,28.102954864501953,0.9010961055755615,125.7520980834961,28.102954864501953,0.5151755809783936,165.68032836914062,70.52670288085938,0.8096578121185303,123.25657653808594,73.022216796875,0.7541604042053223,168.17584228515625,137.90560913085938,0.8914790153503418,118.26554870605469,127.92354583740234,0.7142200469970703,90.81488800048828,132.91456604003906,0.8172802925109863,68.35525512695312,127.92354583740234,0.6091903448104858,163.184814453125,177.83383178710938,0.5668227672576904,133.23863220214844,167.85177612304688,0.5272694230079651,33.41804885864258,192.8069305419922,0.49011507630348206,43.400108337402344,182.82485961914062,0.33816006779670715,43.400108337402344,217.76206970214844,0.27900466322898865,40.90459442138672,220.25758361816406,0.24667765200138092
148.5955047607422,-17.72319793701172,0.27916014194488525,153.95242309570312,-23.130645751953125,0.14253520965576172,149.6363525390625,-28.747989654541016,0.16475887596607208,175.7522735595703,-16.80883026123047,0.3015695810317993,153.61935424804688,-23.26148796081543,0.26465243101119995,181.18292236328125,17.257606506347656,0.8444038033485413,147.6769256591797,12.655216217041016,0.7161978483200073,152.12179565429688,72.65564727783203,0.8866367340087891,111.26658630371094,59.989234924316406,0.7550063729286194,78.17536163330078,70.76387023925781,0.5521119832992554,47.498775482177734,63.54545974731445,0.7502906322479248,141.36416625976562,105.28199768066406,0.5229064226150513,123.1005859375,99.7327651977539,0.5103958249092102,20.452482223510742,122.63916778564453,0.8392527103424072,18.68133544921875,119.99343872070312,0.6564443111419678,45.875282287597656,198.92520141601562,0.8472126722335815,38.62531280517578,194.34861755371094,0.6894096732139587
124.69853210449219,23.25864601135254,0.9461225867271423,132.41517639160156,18.114219665527344,0.9415687918663025,127.27074432373047,18.114219665527344,0.95228111743927,158.13729858398438,20.686431884765625,0.9332658052444458,155.56509399414062,20.686431884765625,0.44070667028427124,178.7150115966797,56.697418212890625,0.819010853767395,137.55960083007812,54.12520217895508,0.8754658102989197,155.56509399414062,100.42504119873047,0.8854145407676697,109.26525115966797,92.70840454101562,0.9197173118591309,80.97090911865234,113.2861099243164,0.5482491254806519,65.53762817382812,102.99725341796875,0.8279299736022949,165.85394287109375,131.29159545898438,0.6464698910713196,134.9873809814453,121.00274658203125,0.6769251227378845,65.53762817382812,162.1581573486328,0.779619574546814,42.38771057128906,141.5804443359375,0.7091668844223022,65.53762817382812,218.74684143066406,0.6567127108573914,37.2432861328125,208.45799255371094,0.6097779273986816
144.91517639160156,24.39339828491211,0.8234847784042358,152.96368408203125,19.027734756469727,0.8334548473358154,144.91517639160156,21.7105655670166,0.8720234036445618,179.79200744628906,24.39339828491211,0.9703282713890076,177.1091766357422,21.7105655670166,0.4637865126132965,198.5718231201172,56.58738708496094,0.7805557250976562,161.01217651367188,53.9045524597168,0.7399019002914429,182.47483825683594,99.51270294189453,0.9252495169639587,128.8181915283203,88.7813720703125,0.6630756258964539,88.57569885253906,91.4642105102539,0.44997644424438477,83.21003723144531,88.7813720703125,0.59096759557724,166.37783813476562,126.34102630615234,0.3877156674861908,134.18385314941406,115.60969543457031,0.4738618731498718,29.553388595581055,137.07235717773438,0.852799654006958,21.50489044189453,129.02386474609375,0.5721892714500427,64.43020629882812,198.77749633789062,0.8665094375610352,42.96754837036133,185.36334228515625,0.7031306028366089
117.30931091308594,28.285179138183594,0.9136505126953125,122.79235076904297,21.626102447509766,0.9211738109588623,117.28416442871094,22.39821434020996,0.943366527557373,145.09835815429688,21.630815505981445,0.9330124855041504,145.63650512695312,22.334815979003906,0.61806321144104,163.20375061035156,55.334495544433594,0.7966758012771606,142.24105834960938,56.04205322265625,0.7077502608299255,161.93081665039062,103.12606811523438,0.8319909572601318,135.21902465820312,105.38047790527344,0.5902469158172607,90.41388702392578,105.83193969726562,0.47144651412963867,84.36262512207031,107.90715026855469,0.5150756239891052,165.29229736328125,141.5235595703125,0.5896761417388916,149.22019958496094,134.72279357910156,0.5516629815101624,44.294551849365234,148.79197692871094,0.7706205248832703,44.294551849365234,146.40184020996094,0.7395129203796387,39.51426315307617,213.32586669921875,0.649713933467865,44.294551849365234,210.9357147216797,0.6730230450630188
120.55341339111328,39.18914031982422,0.7843970656394958,126.04986572265625,30.944456100463867,0.7529783248901367,120.55341339111328,30.944456100463867,0.7373753786087036,148.0356903076172,30.944456100463867,0.8208282589912415,178.2661895751953,33.692684173583984,0.5861197710037231,145.28746032714844,55.678504943847656,0.8051148653030396,186.51087951660156,63.923187255859375,0.6351078152656555,84.82646179199219,88.65723419189453,0.682870090007782,117.80519104003906,88.65723419189453,0.5103002786636353,38.106590270996094,91.40546417236328,0.5034240484237671,84.82646179199219,96.90191650390625,0.7104777693748474,134.2945556640625,140.87355041503906,0.5632793307304382,175.51795959472656,140.87355041503906,0.49116379022598267,29.861909866333008,140.87355041503906,0.7648096084594727,68.33709716796875,132.62887573242188,0.49139392375946045,49.09950256347656,204.08277893066406,0.7084347009658813,73.83354949951172,201.33456420898438,0.7375735640525818
135.7216339111328,39.69037628173828,0.9149038195610046,145.51844787597656,29.893569946289062,0.9315983653068542,138.17083740234375,29.893569946289062,0.9338282942771912,174.9088592529297,32.3427734375,0.9005890488624573,172.45965576171875,34.79197311401367,0.5923882722854614,199.40087890625,73.97920227050781,0.8033236861228943,157.7644500732422,76.42840576171875,0.695737898349762,155.31524658203125,125.41244506835938,0.8216112852096558,113.67881774902344,118.06483459472656,0.8050932884216309,74.49158477783203,118.06483459472656,0.6425289511680603,62.245574951171875,115.61563873291016,0.6754398345947266,187.15487670898438,184.1932830810547,0.5305494666099548,145.51844787597656,176.84568786621094,0.4562174677848816,52.448768615722656,198.8885040283203,0.8580781817436218,30.40595054626465,189.09169006347656,0.8695427775382996,127.14942932128906,263.7923583984375,0.024791322648525238,68.36858367919922,263.7923583984375,0.08002573251724243
127.90137481689453,21.762022018432617,0.8794481754302979,135.92123413085938,15.16180419921875,0.8459879159927368,130.5755615234375,17.832494735717773,0.8667874336242676,164.87747192382812,19.053115844726562,0.8948920369148254,166.2879638671875,20.57834243774414,0.6929557919502258,183.88717651367188,48.227176666259766,0.8253811597824097,157.58120727539062,49.26596450805664,0.6172273755073547,178.24371337890625,98.85191345214844,0.8930917382240295,142.32778930664062,102.88777160644531,0.5273442268371582,89.51435852050781,105.38886260986328,0.5415930151939392,136.7916717529297,26.84169578552246,0.4498075544834137,147.57772827148438,132.91197204589844,0.5401319861412048,137.78524780273438,130.3319091796875,0.5809583067893982,29.926050186157227,146.50498962402344,0.793465256690979,46.528892517089844,148.829833984375,0.6536263227462769,33.95658493041992,216.61117553710938,0.6966593265533447,53.51140594482422,214.14076232910156,0.7243530750274658
140.8216094970703,27.61131477355957,0.9318866729736328,146.19546508789062,19.550512313842773,0.9250715970993042,140.8216094970703,22.237445831298828,0.9376983642578125,167.69094848632812,22.237445831298828,0.9168509840965271,167.69094848632812,22.237445831298828,0.7348419427871704,186.49948120117188,54.480655670166016,0.7607961893081665,178.4386749267578,49.106788635253906,0.5642131567001343,130.07386779785156,89.41079711914062,0.7717847228050232,138.13467407226562,84.03693389892578,0.5271715521812439,65.58744812011719,100.15853881835938,0.8544917106628418,84.39598846435547,92.09773254394531,0.44432228803634644,162.31707763671875,135.08868408203125,0.6253530979156494,156.94320678710938,127.02787780761719,0.46896302700042725,62.9005126953125,137.77561950683594,0.853049099445343,60.21357727050781,135.08868408203125,0.8256921172142029,70.96131896972656,207.6359100341797,0.8264560103416443,46.778907775878906,196.88816833496094,0.6401111483573914
110.34864807128906,19.710681915283203,0.8636529445648193,118.68424224853516,13.644474029541016,0.9001713991165161,111.13481903076172,13.570989608764648,0.84822016954422,147.57974243164062,20.361194610595703,0.8985121846199036,144.69700622558594,20.358728408813477,0.5092670917510986,173.44064331054688,51.540313720703125,0.7558826804161072,127.83842468261719,52.28148651123047,0.80018150806427,177.9031524658203,94.85391235351562,0.800396203994751,118.52311706542969,93.22804260253906,0.676654577255249,104.87208557128906,98.03047943115234,0.48055317997932434,73.29279327392578,92.28878784179688,0.7842222452163696,156.5472869873047,129.60977172851562,0.6056743264198303,132.56822204589844,123.15193176269531,0.5210506319999695,50.3260383605957,118.12638854980469,0.709079384803772,35.9718132019043,109.51385498046875,0.6274040937423706,67.55110168457031,195.63919067382812,0.8395374417304993,47.45519256591797,187.0266571044922,0.6980069279670715
113.99336242675781,25.59286880493164,0.9063640832901001,119.14484405517578,20.44138526916504,0.8914033770561218,113.99336242675781,20.44138526916504,0.8634651899337769,142.32652282714844,25.59286880493164,0.9535066485404968,142.32652282714844,25.59286880493164,0.7606701850891113,152.62948608398438,59.077510833740234,0.7626949548721313,142.32652282714844,53.926029205322266,0.4795604944229126,98.53890991210938,95.13789367675781,0.7766240835189819,98.53890991210938,87.41067504882812,0.681451678276062,36.721107482910156,97.71363830566406,0.9112052321434021,41.87259292602539,92.5621566772461,0.6643083095550537,142.32652282714844,133.77401733398438,0.5168141722679138,139.7507781982422,131.1982879638672,0.44184768199920654,44.448333740234375,131.1982879638672,0.8498559594154358,47.02407455444336,128.62254333496094,0.6602926850318909,59.90278244018555,200.74331665039062,0.7974338531494141,54.75130081176758,198.16757202148438,0.5857928395271301
139.94589233398438,31.70091438293457,0.9376206994056702,145.26014709472656,23.72953224182129,0.9563892483711243,139.94589233398438,26.386659622192383,0.925633430480957,169.17428588867188,23.72953224182129,0.9192187190055847,169.17428588867188,23.72953224182129,0.6566007137298584,195.7455596923828,55.61506271362305,0.819190502166748,153.2315216064453,55.61506271362305,0.8777045011520386,155.88865661621094,98.12909698486328,0.8140418529510498,121.34599304199219,90.15771484375,0.7384952306747437,100.08897399902344,98.12909698486328,0.5110002160072327,70.86058044433594,92.8148422241211,0.6864694356918335,193.08843994140625,137.9860076904297,0.5137113928794861,153.2315216064453,132.6717529296875,0.5020895004272461,73.5177001953125,143.30026245117188,0.8256652355194092,57.5749397277832,140.6431427001953,0.9228916168212891,73.5177001953125,212.3855743408203,0.8809807300567627,60.2320671081543,204.41419982910156,0.8768607378005981
114.71727752685547,40.69148635864258,0.8495726585388184,117.45619201660156,32.47473907470703,0.8414905071258545,111.97836303710938,32.47473907470703,0.8755174875259399,144.84535217285156,26.996910095214844,0.6938930153846741,133.88967895507812,32.47473907470703,0.4952259659767151,177.7123260498047,62.602806091308594,0.8337570428848267,158.5399169921875,59.8638916015625,0.5592057108879089,158.5399169921875,111.90328216552734,0.9042013883590698,122.93402862548828,106.42544555664062,0.6247751712799072,81.85029602050781,98.20870208740234,0.7376920580863953,70.89463806152344,95.46978759765625,0.535427451133728,199.62364196777344,136.5535125732422,0.474861204624176,166.7566680908203,136.5535125732422,0.41360920667648315,27.071996688842773,152.98699951171875,0.5136591792106628,92.80596160888672,147.50917053222656,0.42417973279953003,68.15572357177734,213.24313354492188,0.7425293922424316,81.85029602050781,213.24313354492188,0.5754469037055969
116.375,31.79166603088379,0.9047276377677917,122.20833587646484,23.04166603088379,0.9052853584289551,116.375,25.95833396911621,0.8515268564224243,145.5416717529297,25.95833396911621,0.9687225222587585,142.625,25.95833396911621,0.7048953771591187,171.7916717529297,55.125,0.7974401712417603,145.5416717529297,58.04166793823242,0.7710107564926147,119.29166412353516,87.20833587646484,0.7756528258323669,101.79166412353516,84.29166412353516,0.5317450761795044,52.20833206176758,84.29166412353516,0.7004714608192444,52.20833206176758,84.29166412353516,0.5807501673698425,186.375,133.875,0.7006041407585144,163.0416717529297,128.0416717529297,0.6903431415557861,69.70833587646484,136.7916717529297,0.805497407913208,66.79166412353516,133.875,0.7180964946746826,69.70833587646484,206.7916717529297,0.8283616304397583,69.70833587646484,203.875,0.6900336742401123
148.4583282470703,20.125,0.9177437424659729,154.2916717529297,14.291666984558105,0.8811860680580139,151.375,14.291666984558105,0.8753153085708618,180.5416717529297,23.04166603088379,0.924663245677948,174.7083282470703,23.04166603088379,0.7429087162017822,195.125,55.125,0.8872639536857605,165.9583282470703,52.20833206176758,0.7915359139442444,142.625,95.95833587646484,0.7921011447906494,133.875,87.20833587646484,0.6661518216133118,81.375,98.875,0.8039721846580505,81.375,95.95833587646484,0.4901488423347473,148.4583282470703,125.125,0.6226822137832642,136.7916717529297,119.29166412353516,0.6766670942306519,52.20833206176758,139.7083282470703,0.8874196410179138,46.375,136.7916717529297,0.8635947704315186,46.375,212.625,0.8685183525085449,34.70833206176758,203.875,0.845109224319458
143.88037109375,24.145505905151367,0.9114785194396973,150.36187744140625,19.82451057434082,0.9081291556358337,146.04087829589844,19.82451057434082,0.9067870378494263,169.8063507080078,24.145505905151367,0.9158207178115845,169.8063507080078,26.306005477905273,0.728664755821228,180.6088409423828,50.07148742675781,0.8296762704849243,167.64585876464844,52.23198699951172,0.6553746461868286,159.0038604736328,91.12095642089844,0.928081214427948,150.36187744140625,99.76294708251953,0.3799941837787628,115.79389953613281,91.12095642089844,0.6970512866973877,94.18891906738281,95.44195556640625,0.6623307466506958,174.12734985351562,130.0099334716797,0.6294310092926025,165.48536682128906,125.68892669677734,0.5058915019035339,98.5099105834961,149.45440673828125,0.5962494611740112,74.74443054199219,147.29391479492188,0.5674386024475098,104.99140930175781,214.2693634033203,0.5418336391448975,47.73820114135742,215.349609375,0.33013275265693665
125.125,35.02800750732422,0.924858570098877,128.0416717529297,29.194673538208008,0.9210338592529297,122.20833587646484,29.194673538208008,0.8883342742919922,148.4583282470703,26.27800750732422,0.9738718271255493,151.375,26.27800750732422,0.6770346760749817,145.5416717529297,64.19467163085938,0.794967532157898,198.0416717529297,61.27800750732422,0.8018444180488586,75.54166412353516,110.86133575439453,0.7877466082572937,142.625,105.02800750732422,0.5751911997795105,34.70833206176758,107.94467163085938,0.7436715960502625,81.375,116.69467163085938,0.6200335025787354,160.125,154.61134338378906,0.6179507970809937,198.0416717529297,157.5279998779297,0.6594662070274353,23.04166603088379,157.5279998779297,0.9391852617263794,93.04166412353516,137.11134338378906,0.5915907025337219,40.54166793823242,221.69467163085938,0.8380035758018494,49.29166793823242,215.861328125,0.2757019102573395
139.7579803466797,25.887819290161133,0.9253674745559692,145.58787536621094,17.14297103881836,0.9465237259864807,139.7579803466797,20.057920455932617,0.937245786190033,174.73736572265625,22.972869873046875,0.9053595662117004,171.82241821289062,22.972869873046875,0.7503823041915894,189.31211853027344,49.2074089050293,0.7751988172531128,177.65231323242188,52.12236022949219,0.4590265452861786,128.0981903076172,90.0167007446289,0.8879586458206177,116.43838500976562,87.10174560546875,0.42058005928993225,55.224456787109375,92.93164825439453,0.7598447799682617,49.39455795288086,90.0167007446289,0.4389304518699646,171.82241821289062,139.57083129882812,0.6215413808822632,165.99252319335938,133.74093627929688,0.5671206116676331,63.969303131103516,133.74093627929688,0.8498913645744324,63.969303131103516,130.82598876953125,0.6494441032409668,58.139404296875,197.86981201171875,0.7805169820785522,66.8842544555664,192.0399169921875,0.7234355807304382
143.14935302734375,27.50738525390625,0.9253157377243042,148.2169189453125,22.439809799194336,0.9372020363807678,143.14935302734375,22.439809799194336,0.9115451574325562,171.02101135253906,22.439809799194336,0.9574130773544312,173.5548095703125,22.439809799194336,0.6738098859786987,176.08859252929688,55.379051208496094,0.776512861251831,181.15615844726562,50.31147766113281,0.5450953841209412,138.08177185058594,100.98723602294922,0.8052606582641602,135.5479736328125,93.38587188720703,0.5433431267738342,69.66949462890625,98.45344543457031,0.6785363554954529,72.20327758789062,95.91966247558594,0.4709682762622833,183.68995666503906,126.32511901855469,0.6269504427909851,176.08859252929688,118.7237548828125,0.503821611404419,74.73706817626953,136.46026611328125,0.849294126033783,72.20327758789062,128.85890197753906,0.7003383636474609,69.66949462890625,207.4063262939453,0.6797518730163574,49.39918899536133,197.27117919921875,0.6502598524093628
119.22097778320312,30.336475372314453,0.9081164002418518,124.5448989868164,22.356592178344727,0.930085301399231,119.22113037109375,22.36027717590332,0.8914637565612793,149.75070190429688,22.356582641601562,0.9281519651412964,147.12318420410156,23.905902862548828,0.6730898022651672,173.5301513671875,54.12525939941406,0.795265793800354,144.42318725585938,54.13085174560547,0.7498669028282166,128.572265625,96.57117462158203,0.7912545800209045,108.58744812011719,89.97842407226562,0.8335249423980713,64.87229919433594,95.26295471191406,0.7577263116836548,61.93096923828125,89.9959487915039,0.8291068077087402,181.22048950195312,133.6053466796875,0.6294471025466919,159.8043212890625,128.24765014648438,0.609986424446106,71.44117736816406,136.2623291015625,0.7846333384513855,61.04692077636719,128.54428100585938,0.8421944379806519,58.028350830078125,202.3387908935547,0.6732580661773682,51.9760856628418,194.16220092773438,0.5974186658859253
139.7083282470703,31.79166603088379,0.9109811782836914,145.5416717529297,25.95833396911621,0.9153191447257996,139.7083282470703,25.95833396911621,0.905982494354248,168.875,25.95833396911621,0.9168651103973389,168.875,25.95833396911621,0.8248288035392761,186.375,55.125,0.8650602102279663,168.875,52.20833206176758,0.7677953839302063,148.4583282470703,93.04166412353516,0.8996918797492981,139.7083282470703,87.20833587646484,0.636593759059906,84.29166412353516,90.125,0.6447601318359375,75.54166412353516,87.20833587646484,0.770301103591919,171.7916717529297,128.0416717529297,0.7356574535369873,157.2083282470703,119.29166412353516,0.6201185584068298,60.95833206176758,136.7916717529297,0.8578831553459167,66.79166412353516,136.7916717529297,0.665666401386261,40.54166793823242,203.875,0.8659062385559082,69.70833587646484,203.875,0.8332036733627319
133.8202362060547,10.752645492553711,0.8809621930122375,139.51495361328125,2.210583209991455,0.8936828374862671,133.8202362060547,2.210583209991455,0.8536403179168701,165.14112854003906,2.210583209991455,0.8288083672523499,176.53054809570312,-0.6367707252502441,0.5538024306297302,187.9199676513672,44.92089080810547,0.7734969854354858,182.2252655029297,39.2261848449707,0.547927975654602,156.5990753173828,96.17326354980469,0.6021050214767456,142.3623046875,90.47855377197266,0.7255867123603821,102.49935150146484,99.02061462402344,0.6640471816062927,96.80464172363281,93.32591247558594,0.7025615572929382,159.44642639160156,124.64680480957031,0.5324131846427917,159.44642639160156,121.79944610595703,0.440614253282547,31.315500259399414,147.42562866210938,0.8064103722572327,59.789039611816406,130.3415069580078,0.453944593667984,48.39962387084961,212.91477966308594,0.7843547463417053,74.02581024169922,204.37271118164062,0.7651000022888184
134.625732421875,10.428849220275879,0.8828715682029724,139.7824249267578,5.272153854370117,0.8652293682098389,137.20407104492188,5.272153854370117,0.8122248649597168,160.40919494628906,10.428849220275879,0.9403430223464966,162.987548828125,10.428849220275879,0.722358763217926,178.4576416015625,41.369022369384766,0.8632871508598328,170.72259521484375,41.369022369384766,0.6590940952301025,175.87928771972656,90.35762786865234,0.9437394142150879,137.20407104492188,85.20093536376953,0.6890271902084351,101.10720825195312,92.93597412109375,0.3665767014026642,88.21546936035156,90.35762786865234,0.8289693593978882,191.34938049316406,121.29779815673828,0.6813250184059143,183.6143341064453,118.71945190429688,0.5513728857040405,44.3835563659668,144.5029296875,0.8182028532028198,90.79381561279297,131.61119079589844,0.6614967584609985,67.58868408203125,208.9616241455078,0.829940676689148,65.01033782958984,203.804931640625,0.6253178715705872
121.29325103759766,33.8800163269043,0.9244248270988464,126.6487808227539,25.846725463867188,0.9082362055778503,121.29325103759766,28.524490356445312,0.9255860447883606,148.07089233398438,23.168962478637695,0.8685369491577148,140.03759765625,23.168962478637695,0.5165200233459473,172.17076110839844,60.65765380859375,0.8239465355873108,145.39312744140625,60.65765380859375,0.8011293411254883,115.93772888183594,98.14634704589844,0.9262710809707642,102.54891204833984,84.75753021240234,0.8747386932373047,51.67140197753906,95.46858215332031,0.6777524948120117,40.96034622192383,87.43528747558594,0.6492319703102112,161.45970153808594,146.34609985351562,0.5866414904594421,145.39312744140625,135.63504028320312,0.5911807417869568,46.31587219238281,151.7016143798828,0.9046623110771179,43.63810729980469,143.6683349609375,0.694327712059021,70.4157485961914,218.6457061767578,0.8389086127281189,67.73798370361328,213.29019165039062,0.7670522332191467
138.6031494140625,22.432823181152344,0.9338961839675903,148.16934204101562,16.481882095336914,0.93529212474823,140.9773712158203,16.478229522705078,0.9030610918998718,173.2887725830078,23.66533660888672,0.8970710635185242,140.37823486328125,18.609878540039062,0.44640836119651794,194.83621215820312,60.755035400390625,0.8070939779281616,148.17776489257812,58.35626220703125,0.8269810676574707,163.70474243164062,105.00074768066406,0.8922582864761353,122.96835327148438,91.88417053222656,0.8410077095031738,91.11251831054688,98.02130889892578,0.45665767788887024,70.35643005371094,91.87544250488281,0.8181844353675842,167.387451171875,135.21621704101562,0.6037019491195679,138.6211395263672,125.58056640625,0.6102843284606934,76.34916687011719,149.3264617919922,0.7702769041061401,28.405838012695312,145.70957946777344,0.7396196126937866,74.47575378417969,216.08692932128906,0.6572936177253723,32.77742385864258,213.26275634765625,0.7713483572006226
145.23431396484375,27.189971923828125,0.9001234769821167,150.07510375976562,19.928573608398438,0.9060262441635132,145.2379150390625,19.927133560180664,0.8944595456123352,171.852294921875,24.764244079589844,0.9094053506851196,170.57138061523438,24.766826629638672,0.7254154682159424,186.25994873046875,54.84627151489258,0.7518692016601562,174.212646484375,51.27399444580078,0.607178807258606,150.0855255126953,95.92481994628906,0.9007730484008789,142.80950927734375,87.5444107055664,0.7619345784187317,92.32373046875,91.08674621582031,0.7675613760948181,92.01348876953125,87.42678833007812,0.6776922941207886,169.27439880371094,134.49229431152344,0.6374973058700562,163.2958526611328,128.5280303955078,0.5959887504577637,58.424476623535156,144.1745147705078,0.786197304725647,75.28889465332031,139.34912109375,0.7365020513534546,34.207706451416016,208.06381225585938,0.8163195848464966,60.85240936279297,193.5139923095703,0.6050571799278259
