CR_3_0012.jpg,115.83738708496094,34.2952995300293,0.9339555501937866,120.6763916015625,27.036794662475586,0.9206382036209106,115.83738708496094,27.036794662475586,0.9048910140991211,142.451904296875,27.036794662475586,0.9227046966552734,142.451904296875,27.036794662475586,0.722960352897644,161.80792236328125,60.90982437133789,0.8056733012199402,149.71041870117188,58.49032211303711,0.7228919863700867,110.99838256835938,104.46086120605469,0.8354675769805908,110.99838256835938,97.20235443115234,0.5316029787063599,50.51083755493164,116.5583724975586,0.8530565500259399,69.86685180664062,109.29986572265625,0.5460560321807861,140.03240966796875,157.68991088867188,0.6418412923812866,135.1934051513672,148.01190185546875,0.5173172950744629,43.2523307800293,162.52891540527344,0.9063336253166199,48.09133529663086,160.10940551757812,0.7354710698127747,50.51083755493164,242.3724822998047,0.7596316337585449,57.76934051513672,227.85546875,0.6257375478744507
FH_1_0002.jpg,106.18882751464844,46.25959396362305,0.9430710077285767,106.18882751464844,39.00574493408203,0.9409483075141907,103.7708740234375,41.4236946105957,0.8807854056358337,127.95037078857422,29.333946228027344,0.9426165819168091,127.95037078857422,29.333946228027344,0.6722557544708252,154.54782104492188,65.60319519042969,0.8273931741714478,152.12986755371094,63.18524169921875,0.6299881935119629,130.3683319091797,128.4698944091797,0.9316792488098145,127.95037078857422,126.05194091796875,0.4249020516872406,60.247779846191406,123.63398742675781,0.9010043144226074,69.9195785522461,128.4698944091797,0.3732690215110779,154.54782104492188,174.4109344482422,0.7156434059143066,140.04013061523438,167.15708923339844,0.5340617895126343,55.41188049316406,193.75453186035156,0.7902919054031372,60.247779846191406,186.5006866455078,0.7494286298751831,86.84523010253906,254.20327758789062,0.5719859600067139,91.6811294555664,249.3673858642578,0.6703389883041382
FH_1_0004.jpg,101.45752716064453,35.52228927612305,0.9334427714347839,103.7715072631836,26.266372680664062,0.9176217913627625,99.14354705810547,28.580350875854492,0.9078842401504517,124.59732055664062,19.324434280395508,0.8195672631263733,124.59732055664062,19.324434280395508,0.545356810092926,147.7371063232422,47.09218215942383,0.7982730865478516,145.42312622070312,47.09218215942383,0.5775207877159119,103.7715072631836,84.11585235595703,0.8341422080993652,108.39945983886719,91.05778503417969,0.4952542185783386,57.491920471191406,84.11585235595703,0.7700966000556946,66.74784088134766,93.37176513671875,0.4911883771419525,136.16720581054688,144.279296875,0.5438464283943176,131.5392608642578,139.65135192871094,0.39099636673927307,29.724172592163086,160.47715759277344,0.8037273287773132,48.23600387573242,153.53521728515625,0.40977203845977783,50.549983978271484,232.21051025390625,0.5502642393112183,55.17794418334961,227.58255004882812,0.553098201751709
FH_1_0005.jpg,99.31674194335938,43.49285125732422,0.949282169342041,99.31674194335938,34.082191467285156,0.9285485148429871,94.61141204833984,38.78752136230469,0.9156440496444702,122.84339141845703,27.024194717407227,0.9304307699203491,122.84339141845703,29.376859664916992,0.6132044792175293,148.7227020263672,57.60884094238281,0.7947777509689331,136.95938110351562,59.96150588989258,0.5356013774871826,120.49073028564453,107.01480865478516,0.782966136932373,106.37474060058594,107.01480865478516,0.46685466170310974,68.73210144042969,102.30947875976562,0.8682010173797607,71.08476257324219,107.01480865478516,0.4402303099632263,136.95938110351562,163.478759765625,0.5228028893470764,132.25405883789062,161.1260986328125,0.40088772773742676,26.384130477905273,182.30007934570312,0.7753912806510925,47.55811309814453,175.24209594726562,0.4027329385280609,24.031465530395508,248.17471313476562,0.6269543766975403,52.26344299316406,245.82203674316406,0.4570189416408539
FH_1_0006.jpg,39.53379440307617,139.15731811523438,0.7747828364372253,29.600229263305664,139.15731811523438,0.8179638981819153,34.567012786865234,146.6074981689453,0.7407967448234558,19.666662216186523,114.32340240478516,0.8135452270507812,22.150053024291992,111.84001159667969,0.5273112058639526,44.500579833984375,82.039306640625,0.49065616726875305,59.40092849731445,116.80679321289062,0.3023383915424347,71.81788635253906,151.57427978515625,0.2619650363922119,74.30127716064453,156.5410614013672,0.6029122471809387,74.30127716064453,149.09088134765625,0.10076702386140823,74.30127716064453,193.79193115234375,0.54222172498703,109.06876373291016,44.78843307495117,0.24057774245738983,106.58537292480469,42.30503845214844,0.17220978438854218,116.5189437866211,136.67391967773438,0.23105530440807343,116.5189437866211,134.19053649902344,0.29080086946487427,126.45250701904297,216.1424560546875,0.11591882258653641,128.93589782714844,211.17567443847656,0.22291474044322968
FH_1_0007.jpg,34.034584045410156,126.6295166015625,0.7734781503677368,26.938241958618164,121.89862060546875,0.7642815113067627,31.66913604736328,128.99496459960938,0.7849226593971252,22.207347869873047,102.97505187988281,0.7106720209121704,34.034584045410156,131.36041259765625,0.47894352674484253,41.130924224853516,76.95513153076172,0.5949026942253113,62.419944763183594,119.5331802368164,0.47184687852859497,69.51628875732422,110.0713882446289,0.37748128175735474,71.8817367553711,159.7457733154297,0.6612849831581116,71.8817367553711,152.64942932128906,0.6017016768455505,74.24717712402344,199.9583740234375,0.5607948303222656,97.90164947509766,53.300662994384766,0.41669467091560364,104.99798583984375,88.78236389160156,0.23549053072929382,126.2870101928711,157.3803253173828,0.18505048751831055,131.0178985595703,152.64942932128906,0.39489638805389404,185.42318725585938,171.57301330566406,0.08609019219875336,183.0577392578125,171.57301330566406,0.5580582618713379
FH_1_0009.jpg,102.28123474121094,36.75,0.8600715398788452,102.28123474121094,29.25,0.9173189401626587,99.78123474121094,29.25,0.8979183435440063,122.28123474121094,24.25,0.8074511885643005,124.78123474121094,24.25,0.6005889773368835,152.28123474121094,54.25,0.8858214020729065,139.78123474121094,54.25,0.6255100965499878,122.28123474121094,101.75,0.8452571630477905,114.78123474121094,94.25,0.6865159273147583,72.28123474121094,94.25,0.7915425300598145,77.28123474121094,94.25,0.5771090984344482,139.78123474121094,146.75,0.6911190748214722,134.78123474121094,139.25,0.5766215920448303,67.28123474121094,169.25,0.7453057765960693,72.28123474121094,161.75,0.6718041300773621,77.28123474121094,239.25,0.7144055366516113,77.28123474121094,234.25,0.5971930027008057
FH_1_0010.jpg,89.19393157958984,40.108760833740234,0.9386366009712219,91.56587982177734,32.992897033691406,0.9620400667190552,86.82197570800781,32.992897033691406,0.9212468266487122,112.9134750366211,28.248987197875977,0.9659741520881653,115.28543090820312,30.620941162109375,0.6646926403045654,141.37693786621094,61.456356048583984,0.7958369255065918,129.5171661376953,63.82830810546875,0.6306556463241577,96.3097915649414,116.01131439208984,0.981437623500824,98.68174743652344,104.15154266357422,0.7628592252731323,44.12678527832031,108.89545440673828,0.8208988904953003,53.61460494995117,111.26741027832031,0.579569935798645,155.60867309570312,156.3345489501953,0.7626147866249084,143.74888610839844,146.8467254638672,0.6179081201553345,65.47438049316406,175.3101806640625,0.8852493166923523,65.47438049316406,158.7064971923828,0.5658198595046997,72.59024047851562,248.84078979492188,0.8280821442604065,70.21829223632812,236.98101806640625,0.4747496247291565
FH_1_0011.jpg,90.91627502441406,38.01237487792969,0.9535083174705505,93.14054107666016,31.339582443237305,0.9953818917274475,88.69200897216797,33.563846588134766,0.93099445104599,113.15892028808594,29.11531639099121,0.961246132850647,115.38318634033203,29.11531639099121,0.6583547592163086,133.17730712890625,62.479286193847656,0.816185712814331,139.85009765625,58.030757904052734,0.555198609828949,102.03759765625,118.08589935302734,0.9486371874809265,99.8133316040039,102.51605224609375,0.8121694922447205,46.43098449707031,102.51605224609375,0.7821709513664246,44.20671844482422,100.29178619384766,0.6874117851257324,150.97142028808594,153.67413330078125,0.7158836126327515,144.2986297607422,144.77708435058594,0.5150471329689026,46.43098449707031,169.24398803710938,0.8826814889907837,53.10377883911133,158.12266540527344,0.6200569272041321,48.65524673461914,247.09324645996094,0.7906308174133301,57.55230712890625,238.19619750976562,0.6842380166053772
FH_1_0012.jpg,108.25432586669922,39.757320404052734,0.9375014901161194,110.72003173828125,32.360191345214844,0.9275623559951782,105.78861999511719,34.82590103149414,0.8935765624046326,132.9114227294922,27.428773880004883,0.919119119644165,132.9114227294922,27.428773880004883,0.612445592880249,157.56851196289062,57.01728439331055,0.8802570104598999,140.3085479736328,59.482994079589844,0.6299887299537659,118.1171646118164,98.93434143066406,0.9158955812454224,115.65145111083984,96.46863555908203,0.508586585521698,54.008724212646484,101.4000473022461,0.8683556318283081,68.802978515625,101.4000473022461,0.21047428250312805,155.10279846191406,135.91998291015625,0.6548233032226562,140.3085479736328,130.98855590820312,0.6012039184570312,54.008724212646484,167.9741973876953,0.9014635682106018,56.47443389892578,153.17994689941406,0.5935908555984497,68.802978515625,241.9454803466797,0.8572028875350952,73.7343978881836,232.0826416015625,0.5797876715660095
FH_1_0013.jpg,113.27642059326172,38.757755279541016,0.7824113368988037,115.132568359375,31.789867401123047,0.8992031216621399,111.38569641113281,33.80583190917969,0.7849146723747253,139.27035522460938,27.268644332885742,0.7725679278373718,110.18110656738281,34.277042388916016,0.36100175976753235,165.61862182617188,56.75,0.8540735840797424,123.87338256835938,58.470497131347656,0.7972497940063477,137.71327209472656,102.95149230957031,0.7559757232666016,99.52742767333984,93.15618133544922,0.7531417608261108,91.52626037597656,97.47880554199219,0.48319143056869507,48.118621826171875,94.25,0.8041397929191589,155.61862182617188,136.75,0.6848646402359009,128.11862182617188,129.25,0.7129799127578735,70.61862182617188,164.25,0.8226414322853088,58.118621826171875,151.75,0.7582179307937622,65.61862182617188,239.25,0.8482431173324585,53.118621826171875,224.25,0.6933094263076782
FH_1_0014.jpg,104.48214721679688,41.75,0.9324912428855896,104.48214721679688,34.25,0.946312427520752,99.48214721679688,36.75,0.8660915493965149,124.48214721679688,26.75,0.9709879159927368,126.98214721679688,26.75,0.7363911867141724,146.98214721679688,59.25,0.7453014850616455,144.48214721679688,59.25,0.5499002933502197,114.48214721679688,111.75,0.9286417961120605,109.48214721679688,106.75,0.6623775362968445,51.982147216796875,104.25,0.6557790637016296,51.982147216796875,104.25,0.7877378463745117,141.98214721679688,154.25,0.6903830170631409,134.48214721679688,146.75,0.5231184363365173,29.482147216796875,166.75,0.8068611025810242,41.982147216796875,161.75,0.6591735482215881,39.482147216796875,244.25,0.810629665851593,54.482147216796875,226.75,0.7918409705162048
FH_1_0015.jpg,119.68464660644531,39.25,0.9020807147026062,122.18464660644531,34.25,0.9819969534873962,117.18464660644531,34.25,0.8959906101226807,144.6846466064453,29.25,0.9392110705375671,142.1846466064453,31.75,0.48305609822273254,172.1846466064453,66.75,0.8305503726005554,132.1846466064453,64.25,0.8964350819587708,149.6846466064453,119.25,0.9290449619293213,114.68464660644531,104.25,0.7717045545578003,92.18464660644531,109.25,0.578413188457489,72.18464660644531,106.75,0.7776341438293457,154.6846466064453,149.25,0.723839521408081,129.6846466064453,141.75,0.7395861744880676,69.68464660644531,169.25,0.8253118991851807,54.68464660644531,159.25,0.7109067440032959,74.68464660644531,244.25,0.8786067962646484,49.68464660644531,221.75,0.79998379945755
FH_1_0016.jpg,120.60118865966797,40.22642517089844,0.9362046718597412,123.06962585449219,32.82112503051758,0.9585649371147156,118.13275909423828,32.82112503051758,0.8717436790466309,145.2855224609375,27.884258270263672,0.9288974404335022,145.2855224609375,27.884258270263672,0.4944557547569275,172.43829345703125,62.44232940673828,0.8565481901168823,132.943359375,62.44232940673828,0.8800775408744812,147.75396728515625,116.74787139892578,0.8708009123802185,113.19589233398438,99.46883392333984,0.8410903215408325,95.91685485839844,106.87413024902344,0.6635269522666931,68.76408386230469,101.93726348876953,0.8114254474639893,152.69082641601562,146.3690643310547,0.7175678014755249,130.4749298095703,136.49533081054688,0.7859006524085999,68.76408386230469,163.64810180664062,0.7955595850944519,56.42191696166992,151.30593872070312,0.7010585069656372,71.2325210571289,237.70111083984375,0.8658618330955505,49.0166130065918,213.01678466796875,0.8198472261428833
FH_1_0017.jpg,119.0283432006836,38.311981201171875,0.93513423204422,123.99272155761719,33.34760284423828,0.970490038394928,119.0283432006836,33.34760284423828,0.8690742254257202,146.33242797851562,30.865413665771484,0.9609071016311646,143.85023498535156,30.865413665771484,0.5972344875335693,171.15432739257812,65.6160659790039,0.8221080303192139,133.92147827148438,63.13387680053711,0.9109022617340088,146.33242797851562,120.22423553466797,0.9279144406318665,114.06396484375,102.84890747070312,0.8821786642074585,84.27769470214844,107.81328582763672,0.563740074634552,74.34893798828125,102.84890747070312,0.8225799202919006,153.77899169921875,147.5283203125,0.7430331707000732,128.9571075439453,137.5995635986328,0.7851744890213013,66.9023666381836,167.38583374023438,0.7687646746635437,54.49142074584961,154.97488403320312,0.7295224070549011,69.38455963134766,246.81588745117188,0.8243993520736694,47.04484939575195,217.0296173095703,0.8014535307884216
FH_1_0018.jpg,116.83935546875,41.75,0.9093408584594727,119.33935546875,34.25,0.9499185085296631,111.83935546875,34.25,0.8822790384292603,139.33935546875,29.25,0.9134270548820496,139.33935546875,29.25,0.6559230089187622,166.83935546875,61.75,0.844719409942627,139.33935546875,64.25,0.7994411587715149,136.83935546875,116.75,0.9564734101295471,119.33935546875,101.75,0.8448635339736938,76.83935546875,106.75,0.5677406787872314,69.33935546875,104.25,0.7370359301567078,151.83935546875,149.25,0.7734251022338867,131.83935546875,139.25,0.7357060313224792,59.33935546875,166.75,0.8221588134765625,51.83935546875,154.25,0.6712501645088196,64.33935546875,244.25,0.8638860583305359,59.33935546875,234.25,0.3814552426338196
FH_1_0019.jpg,98.7249526977539,44.35765838623047,0.8892576694488525,98.7249526977539,35.19184112548828,0.9553685784339905,96.4334945678711,39.774749755859375,0.8924745321273804,117.05658721923828,26.026023864746094,0.9317083954811096,119.34803771972656,26.026023864746094,0.6697767972946167,149.13693237304688,58.106380462646484,0.7883077263832092,144.5540313720703,55.81492614746094,0.6071547269821167,114.76512908935547,115.39273071289062,0.9117107391357422,112.47367858886719,103.93546295166016,0.634108304977417,50.60441970825195,103.93546295166016,0.8423184156417847,57.47877883911133,99.35255432128906,0.660107433795929,146.84548950195312,152.05599975585938,0.6799538731575012,135.38821411132812,140.59872436523438,0.5543549656867981,34.564239501953125,168.09617614746094,0.7746663093566895,48.312965393066406,149.76454162597656,0.6196133494377136,48.312965393066406,243.7141571044922,0.820332407951355,62.06168746948242,218.50816345214844,0.8071283102035522
FH_1_0020.jpg,102.27626037597656,39.25,0.9079049229621887,102.27626037597656,31.75,0.9434159398078918,97.27626037597656,34.25,0.8763649463653564,119.77626037597656,26.75,0.8739575743675232,122.27626037597656,24.25,0.6089227199554443,144.77626037597656,61.75,0.8242110013961792,142.27626037597656,56.75,0.6416749954223633,114.77626037597656,109.25,0.8241859674453735,109.77626037597656,99.25,0.593002200126648,64.77626037597656,94.25,0.8219395279884338,62.27626037597656,94.25,0.7229559421539307,144.77626037597656,156.75,0.6233574151992798,147.27626037597656,151.75,0.5291609168052673,47.27626037597656,159.25,0.7149363160133362,62.27626037597656,154.25,0.559134840965271,32.27626037597656,234.25,0.3839794099330902,44.77626037597656,226.75,0.6757015585899353
FH_1_0021.jpg,114.13674926757812,42.2963981628418,0.9318578839302063,114.13674926757812,32.3218994140625,0.9730675220489502,109.14950561523438,34.81552505493164,0.8478888273239136,134.08575439453125,27.33465003967285,0.9537200331687927,134.08575439453125,27.33465003967285,0.6884667873382568,151.54112243652344,59.75177001953125,0.8451706171035767,151.54112243652344,59.75177001953125,0.6724858283996582,119.1240005493164,107.1306381225586,0.8474569916725159,111.64312744140625,102.14338684082031,0.668279767036438,64.2642593383789,94.66251373291016,0.8069655895233154,64.2642593383789,94.66251373291016,0.7064251899719238,146.5538787841797,157.0031280517578,0.6242148280143738,144.06024169921875,152.01588439941406,0.5422989726066589,54.28976058959961,159.4967498779297,0.7616149187088013,66.75788116455078,157.0031280517578,0.5860275030136108,31.847137451171875,229.3182373046875,0.4490794241428375,44.31526184082031,226.82461547851562,0.7159245014190674
FH_1_0022.jpg,110.89822387695312,36.75,0.9296667575836182,113.39822387695312,29.25,0.9510536789894104,108.39822387695312,31.75,0.9075570702552795,130.89822387695312,24.25,0.9203678369522095,133.39822387695312,24.25,0.7859115600585938,148.39822387695312,56.75,0.8626026511192322,150.89822387695312,54.25,0.6737015247344971,115.89822387695312,104.25,0.8339450359344482,118.39822387695312,101.75,0.6523645520210266,68.39822387695312,94.25,0.8016344904899597,70.89822387695312,94.25,0.7749130725860596,143.39822387695312,149.25,0.6452678442001343,148.39822387695312,146.75,0.5346516966819763,53.398223876953125,154.25,0.7463662624359131,68.39822387695312,146.75,0.6384974122047424,38.398223876953125,229.25,0.5030046701431274,48.398223876953125,221.75,0.6801938414573669
FH_1_0023.jpg,119.81143188476562,40.710941314697266,0.9232571125030518,123.94351959228516,32.4467658996582,0.8902885317802429,117.74539184570312,34.51280975341797,0.9284917116165161,146.67001342773438,30.380722045898438,0.954025387763977,146.67001342773438,32.4467658996582,0.6291662454605103,165.264404296875,67.56951141357422,0.8201870918273926,140.4718780517578,63.43742752075195,0.7180251479148865,134.27374267578125,115.0885238647461,0.8040801882743835,115.6793441772461,104.75830841064453,0.8506582975387573,70.22637939453125,100.626220703125,0.6681950688362122,70.22637939453125,100.626220703125,0.49684008955955505,142.5379180908203,158.47544860839844,0.5172398090362549,126.00956726074219,148.14523315429688,0.4650523066520691,47.49989318847656,170.87171936035156,0.5155202746391296,51.631980895996094,154.34336853027344,0.5030655264854431,22.707366943359375,226.6549072265625,0.29500091075897217,18.57527732849121,214.25863647460938,0.38479161262512207
FH_1_0024.jpg,118.79917907714844,38.23659896850586,0.921977162361145,121.10610961914062,29.008861541748047,0.9457154870033264,116.49224090576172,31.3157958984375,0.9604465961456299,144.17544555664062,29.008861541748047,0.9340555667877197,141.86851501464844,29.008861541748047,0.5324797630310059,164.93785095214844,61.305938720703125,0.8404433727264404,139.56158447265625,56.69207000732422,0.6841209530830383,130.33384704589844,105.13768768310547,0.8067270517349243,118.79917907714844,98.21688079833984,0.4684370458126068,70.35356140136719,95.90995025634766,0.7491263747215271,93.42289733886719,56.69207000732422,0.4481494426727295,146.48239135742188,148.9694366455078,0.662482738494873,128.02691650390625,137.4347686767578,0.5747285485267639,51.89808654785156,160.5041046142578,0.5771493315696716,49.591156005859375,153.5832977294922,0.5615211725234985,35.749549865722656,238.9398651123047,0.6656579375267029,19.601011276245117,218.17745971679688,0.40829330682754517
FH_1_0025.jpg,98.64743041992188,35.483314514160156,0.9133445024490356,103.0163803100586,28.92988395690918,0.9204738736152649,98.64743041992188,28.92988395690918,0.8948443531990051,120.49220275878906,24.560930252075195,0.8277315497398376,120.49220275878906,26.745407104492188,0.6164712905883789,155.44383239746094,50.774654388427734,0.8542953729629517,127.0456314086914,59.5125617980957,0.6440441012382507,127.0456314086914,94.46419525146484,0.8878523707389832,103.0163803100586,92.27971649169922,0.6143826246261597,87.72504425048828,90.09524536132812,0.5074902176856995,52.773406982421875,90.09524536132812,0.728364109992981,153.2593536376953,140.3382110595703,0.5891625881195068,133.59906005859375,135.96926879882812,0.5130097270011902,65.8802719116211,162.1829833984375,0.6142880916595459,52.773406982421875,153.44508361816406,0.794090986251831,48.40445327758789,229.9017791748047,0.6883877515792847,41.85102081298828,225.53282165527344,0.5925634503364563
FH_1_0026.jpg,105.40135192871094,36.990203857421875,0.9255478978157043,107.89860534667969,31.995681762695312,0.9208866953849792,105.40135192871094,31.995681762695312,0.8829325437545776,122.88217163085938,29.49842071533203,0.8528234958648682,135.3684844970703,24.50389862060547,0.6550188064575195,142.86026000976562,59.465553283691406,0.8037146925926208,152.84930419921875,56.968292236328125,0.6253435015678406,110.3958740234375,106.91351318359375,0.8002270460128784,107.89860534667969,94.42720794677734,0.646218478679657,67.94242858886719,94.42720794677734,0.6132223010063171,77.93147277832031,91.92994689941406,0.6312386989593506,157.8438262939453,149.366943359375,0.6680139303207397,155.34657287597656,144.37242126464844,0.4800039529800415,62.94791030883789,161.85325622558594,0.757332444190979,77.93147277832031,159.35598754882812,0.6346566677093506,55.45612716674805,236.77108764648438,0.5127040147781372,65.44517517089844,226.78204345703125,0.7525526881217957
FH_1_0027.jpg,97.55712127685547,39.55213928222656,0.9211710691452026,99.96073150634766,32.341304779052734,0.9036914110183716,95.15351104736328,32.341304779052734,0.9069645404815674,119.18961334228516,27.534086227416992,0.8616379499435425,119.18961334228516,29.93769645690918,0.6473827958106995,155.2437744140625,56.377410888671875,0.8775167465209961,126.40044403076172,61.18463134765625,0.7044370770454407,128.80406188964844,106.85323333740234,0.8740974068641663,99.96073150634766,97.2387924194336,0.7616860270500183,83.13545989990234,102.04601287841797,0.6320562362670898,54.29212951660156,94.8351821899414,0.8058332800865173,140.82211303710938,147.71461486816406,0.5515359044075012,123.99683380126953,140.5037841796875,0.5696234107017517,47.081298828125,166.94349670410156,0.8297596573829651,63.90657424926758,164.53988647460938,0.5632556676864624,47.081298828125,239.0518035888672,0.6875669956207275,71.1174087524414,234.2445831298828,0.7278767824172974
FH_1_0028.jpg,102.82527160644531,36.43044662475586,0.936264157295227,105.1068344116211,27.304197311401367,0.9194492697715759,100.54370880126953,29.58576011657715,0.9185948371887207,123.35932922363281,25.02263641357422,0.8170547485351562,125.6408920288086,25.02263641357422,0.5447304248809814,164.42745971679688,52.40138626098633,0.8445743322372437,127.92245483398438,59.24607467651367,0.7587878108024597,141.61183166503906,100.31420135498047,0.8527881503105164,93.69902038574219,91.18795013427734,0.7004440426826477,102.82527160644531,95.7510757446289,0.6046067476272583,105.1068344116211,70.65388488769531,0.8380932211875916,157.582763671875,145.94544982910156,0.5086672902107239,127.92245483398438,141.38232421875,0.5178907513618469,64.03871154785156,164.1979522705078,0.5506002306938171,45.78620910644531,157.353271484375,0.8035989999771118,64.03871154785156,234.9263916015625,0.5173830986022949,48.067771911621094,232.64483642578125,0.5296788811683655
FH_1_0029.jpg,89.81987762451172,36.548587799072266,0.8548656702041626,92.05912017822266,29.83086395263672,0.8417524695396423,87.58063507080078,29.83086395263672,0.8194506764411926,109.97305297851562,27.59162139892578,0.7866904139518738,125.64774322509766,20.873897552490234,0.5620136260986328,141.3224334716797,54.462520599365234,0.8479481339454651,130.126220703125,52.2232780456543,0.4989268183708191,112.21229553222656,105.96507263183594,0.8139246702194214,98.77684020996094,92.52962493896484,0.6526970863342285,65.18821716308594,101.4865951538086,0.7588677406311035,67.42745971679688,90.2903823852539,0.6420894265174866,139.08319091796875,155.2283935546875,0.49921658635139465,143.56167602539062,146.27142333984375,0.40380966663360596,49.513526916503906,164.1853485107422,0.6625267267227173,58.47049331665039,159.70687866210938,0.5808446407318115,60.70973587036133,231.3625946044922,0.7255465388298035,67.42745971679688,231.3625946044922,0.47205623984336853
FH_1_0030.jpg,77.97710418701172,36.01240539550781,0.9137874245643616,80.31188201904297,29.008066177368164,0.8268306851387024,77.97710418701172,29.008066177368164,0.8697105646133423,56.96409225463867,26.673288345336914,0.7121812105178833,59.29887008666992,24.33850860595703,0.9073895215988159,31.28152084350586,59.36019515991211,0.7377858757972717,38.285858154296875,64.02975463867188,0.8145601749420166,59.29887008666992,106.05577850341797,0.6069008708000183,59.29887008666992,110.72533416748047,0.8035093545913696,117.66835021972656,96.71665954589844,0.5613524317741394,122.33790588378906,96.71665954589844,0.8375247716903687,40.62063980102539,150.4165802001953,0.4640025794506073,47.624977111816406,157.42091369628906,0.5923781991004944,120.00312805175781,162.09046936035156,0.5399276614189148,138.68136596679688,155.0861358642578,0.8974395990371704,138.68136596679688,218.1251678466797,0.6251795291900635,148.02047729492188,225.12950134277344,0.8527438640594482
FH_1_0031.jpg,82.947021484375,41.749996185302734,0.9014812111854553,82.947021484375,34.249996185302734,0.9143698811531067,82.947021484375,34.249996185302734,0.8899925947189331,100.447021484375,31.749996185302734,0.944313645362854,122.947021484375,29.249996185302734,0.6082667708396912,105.447021484375,69.25,0.7833307981491089,160.447021484375,64.25,0.7083609700202942,75.447021484375,119.25,0.868710994720459,125.447021484375,106.75,0.28864485025405884,35.447021484375,109.25,0.9205160140991211,65.447021484375,101.75,0.45706379413604736,127.947021484375,161.75,0.5728273391723633,172.947021484375,154.25,0.7152284383773804,35.447021484375,176.75,0.8545268177986145,95.447021484375,144.25,0.5548363924026489,45.447021484375,246.75,0.9106625318527222,100.447021484375,226.75,0.8608684539794922
FH_1_0032.jpg,77.89753723144531,41.75,0.930915117263794,80.39753723144531,31.75,0.9504052400588989,75.39753723144531,34.25,0.9219557642936707,107.89753723144531,26.75,0.8801842927932739,110.39753723144531,26.75,0.6091870665550232,140.3975372314453,64.25,0.8519802689552307,117.89753723144531,61.75,0.7812655568122864,120.39753723144531,111.75,0.9070687294006348,97.89753723144531,101.75,0.756773054599762,60.39753723144531,104.25,0.5695798397064209,50.39753723144531,101.75,0.7750016450881958,147.8975372314453,139.25,0.631830096244812,127.89753723144531,131.75,0.672617495059967,57.89753723144531,169.25,0.8786167502403259,47.89753723144531,154.25,0.7711772918701172,62.89753723144531,239.25,0.8724318742752075,72.89753723144531,209.25,0.5902466773986816
FH_1_0033.jpg,84.3431396484375,38.991241455078125,0.8907108306884766,86.81114959716797,31.587207794189453,0.8902491331100464,84.3431396484375,34.05521774291992,0.8698480129241943,109.02326202392578,29.11919593811035,0.9080204367637634,113.95928192138672,26.65118408203125,0.614219069480896,123.83132934570312,66.13937377929688,0.7618283033370972,155.9154815673828,58.73533630371094,0.7378019690513611,94.2151870727539,113.0315933227539,0.8386697769165039,109.02326202392578,100.69153594970703,0.46499907970428467,44.85495376586914,103.1595458984375,0.8909698724746704,74.4710922241211,100.69153594970703,0.6816748976707458,141.10740661621094,147.58375549316406,0.6435496807098389,170.7235565185547,145.11573791503906,0.720623254776001,44.85495376586914,169.79586791992188,0.8662307262420654,94.2151870727539,150.05177307128906,0.571724534034729,54.72700119018555,236.4321746826172,0.8993037939071655,91.74717712402344,211.75205993652344,0.9149339199066162
FH_2_0001.jpg,93.58879089355469,38.80439758300781,0.9187466502189636,100.82264709472656,31.570547103881836,0.9389378428459167,93.58879089355469,31.570547103881836,0.8801071643829346,124.93548583984375,29.15926170349121,0.9285065531730652,127.34676361083984,29.15926170349121,0.7054821252822876,153.8708953857422,65.32852172851562,0.8355661034584045,134.5806121826172,67.73979949951172,0.6190247535705566,122.52420043945312,115.9654769897461,0.9194425344467163,108.0564956665039,106.32034301757812,0.7971783876419067,74.29852294921875,111.14290618896484,0.821072518825531,67.0646743774414,108.73162841796875,0.7389450669288635,144.2257537841797,154.5460205078125,0.6906580328941345,129.758056640625,144.90087890625,0.6035217046737671,42.95183181762695,159.36859130859375,0.7922661304473877,42.95183181762695,149.72344970703125,0.5596022605895996,42.95183181762695,234.11837768554688,0.7895190119743347,42.95183181762695,222.0619659423828,0.36328110098838806
FH_3_0001.jpg,104.27993774414062,28.810762405395508,0.9351726174354553,109.2149429321289,23.87575912475586,0.9149743914604187,104.27993774414062,23.87575912475586,0.8610736131668091,128.9549560546875,28.810762405395508,0.9359211325645447,128.9549560546875,28.810762405395508,0.7102836966514587,161.03248596191406,60.88829040527344,0.8810328245162964,131.42245483398438,65.82329559326172,0.9256191253662109,175.83749389648438,120.10833740234375,0.9356798529624939,128.9549560546875,112.7058334350586,0.9465885758399963,124.01995849609375,134.91336059570312,0.8994221091270447,106.74744415283203,132.4458465576172,0.7851929068565369,165.96749877929688,149.71836853027344,0.6328575015068054,146.22747802734375,147.25086975097656,0.6792843341827393,74.66991424560547,154.6533660888672,0.7802643179893494,72.20240783691406,147.25086975097656,0.8681425452232361,57.39739990234375,236.08094787597656,0.8444123268127441,49.99489212036133,221.2759246826172,0.7732685804367065
FH_3_0002.jpg,111.70089721679688,39.25,0.915897011756897,111.70089721679688,31.75,0.9714922308921814,109.20089721679688,34.25,0.9042441248893738,129.20089721679688,26.75,0.9070782661437988,134.20089721679688,24.25,0.7079020738601685,144.20089721679688,61.75,0.8236935138702393,171.70089721679688,59.25,0.8218852281570435,121.70089721679688,119.25,0.9137740731239319,151.70089721679688,114.25,0.47337859869003296,89.20089721679688,104.25,0.6904375553131104,109.20089721679688,109.25,0.5012407898902893,141.70089721679688,151.75,0.7106814384460449,169.20089721679688,154.25,0.6633884906768799,39.200897216796875,151.75,0.8644543886184692,61.700897216796875,149.25,0.5046390295028687,44.200897216796875,231.75,0.7738547921180725,56.700897216796875,229.25,0.49576470255851746
